Country,Year, Monitor , Protect from tobacco smoke , Offer help to quit tobacco use , Warn about the dangers of tobacco , Enforce bans on tobacco advertising , Raise taxes on tobacco , Anti-tobacco mass media campaigns ,MPOWER, Tobacco_use_prevalence_Both_Sexes , Tobacco_use_prevalence_Male , Tobacco_use_prevalence_Female , Cigarette_smoking_prevalence_Both_sexes , Cigarette_smoking_prevalence_Male , Cigarette_smoking_prevalence_Female , Tobacco_smoking_prevalence_Both_sexes , Tobacco_smoking_prevalence_Male , Tobacco_smoking_prevalence_Female 
Ghana,2018,2,1,4,4,5,3,4,23,3.7,7,0.4,2.6,5.2,0.1,3.5,6.8,0.3
Ghana,2016,2,1,4,4,5,3,2,21,3.9,7.4,0.4,2.8,5.5,0.1,3.7,7.1,0.3
Ghana,2014,2,2,4,4,5,3,5,25,4.1,7.8,0.5,2.9,5.8,0.1,3.9,7.5,0.3
Ghana,2012,2,2,4,4,5,2,5,24,4.4,8.3,0.6,3.1,6.1,0.1,4.1,7.9,0.4
Ethiopia,2018,2,1,4,3,4,2,4,20,4.6,8.3,0.9,2.9,5.4,0.3,3.4,6.1,0.7
Ghana,2010,2,2,3,2,2,2,2,15,4.7,8.7,0.6,3.3,6.5,0.1,4.4,8.3,0.4
Ethiopia,2016,2,1,4,3,4,2,4,20,4.8,8.6,1,3,5.6,0.3,3.5,6.4,0.7
Nigeria,2018,1,2,4,4,5,3,2,21,4.8,9,0.5,3.7,7.1,0.2,4.1,7.9,0.3
Ethiopia,2014,1,2,4,3,4,2,2,18,5,9,1,3.1,5.8,0.4,3.6,6.6,0.7
Nigeria,2016,2,2,4,4,5,2,1,20,5,9.4,0.6,3.8,7.4,0.2,4.3,8.2,0.4
Ghana,2007,3,2,3,2,2,1,1,12,5.1,9.5,0.8,3.6,7,0.2,4.8,9.1,0.5
Ethiopia,2012,1,2,4,2,4,3,3,19,5.2,9.4,1.1,3.2,6.1,0.4,3.8,6.9,0.7
Nigeria,2014,2,3,4,2,2,2,1,16,5.2,9.7,0.7,3.9,7.6,0.2,4.5,8.5,0.4
Nigeria,2012,2,3,4,2,2,2,2,17,5.4,10.1,0.8,4.1,7.9,0.3,4.7,8.9,0.5
Sao Tome and Principe,2018,1,2,2,2,4,3,2,16,5.4,9.5,1.4,4.1,7.5,0.7,4.5,7.8,1.1
Ethiopia,2010,1,2,3,2,2,3,2,15,5.5,9.8,1.1,3.4,6.3,0.4,4,7.2,0.7
Sao Tome and Principe,2016,1,2,4,2,4,3,1,17,5.5,9.4,1.6,4,7.4,0.7,4.5,7.8,1.2
Sao Tome and Principe,2014,2,2,4,2,4,3,1,18,5.6,9.4,1.7,4,7.2,0.8,4.5,7.7,1.3
Sao Tome and Principe,2012,3,2,2,2,2,3,5,19,5.6,9.3,1.9,4,7.1,0.9,4.5,7.7,1.4
Nigeria,2010,1,3,4,2,2,2,2,16,5.7,10.5,0.9,4.2,8.1,0.3,4.9,9.2,0.5
Sao Tome and Principe,2010,3,2,2,2,2,3,2,16,5.7,9.3,2.1,4,7.1,0.9,4.6,7.6,1.5
Ethiopia,2007,2,2,2,2,2,1,1,10,5.8,10.5,1.2,3.6,6.8,0.4,4.2,7.7,0.8
Sao Tome and Principe,2007,1,2,2,2,2,1,1,9,5.9,9.2,2.5,4,7,1.1,4.6,7.6,1.7
Nigeria,2007,1,3,4,2,2,1,1,12,6.1,11.2,1.1,4.5,8.6,0.4,5.2,9.8,0.7
Panama,2018,4,5,4,5,5,4,5,32,6.9,11.1,2.7,5,8.1,1.8,5.7,9.2,2.1
Benin,2018,3,5,2,3,5,2,2,22,7.2,12.4,1.9,4.1,8.1,0.2,6,11.3,0.6
Eritrea,2018,1,2,2,3,5,4,2,19,7.2,14.2,0.3,4.6,9.2,0.1,5.7,11.1,0.2
Panama,2016,4,5,5,5,5,4,3,31,7.6,12.2,3,5.5,9,2,6.3,10.2,2.3
Togo,2018,2,3,2,4,5,2,5,23,7.6,13.5,1.6,5.2,10.2,0.2,7.2,13.5,0.8
Eritrea,2016,1,2,2,3,5,4,1,18,7.7,15,0.3,4.9,9.6,0.1,6,11.7,0.2
Benin,2016,3,4,4,3,4,2,1,21,7.8,13.5,2.2,4.3,8.5,0.2,6.3,11.8,0.7
Colombia,2018,3,5,4,4,5,5,1,27,7.9,12.2,3.7,7,10.8,3.3,7.9,12.2,3.7
Togo,2016,3,3,2,4,5,2,2,21,7.9,14,1.9,5.4,10.5,0.3,7.4,13.9,0.9
Niger,2007,3,2,3,3,5,1,1,16,8,14.5,1.5,5.5,10.9,0.1,6.5,12.8,0.2
Niger,2010,3,3,3,3,5,3,5,25,8.1,15,1.3,5.7,11.3,0.1,6.7,13.2,0.2
Eritrea,2014,2,2,2,3,5,4,2,20,8.2,16,0.4,5.1,10.1,0.1,6.3,12.3,0.2
Haiti,2018,2,2,2,2,2,1,2,13,8.3,13.3,3.3,7.5,12.5,2.4,8.3,13.3,3.3
Niger,2012,3,3,3,4,5,3,1,22,8.3,15.4,1.1,5.8,11.6,0.1,6.8,13.5,0.2
Panama,2014,4,5,5,5,5,4,4,32,8.3,13.4,3.2,6.1,10,2.2,6.9,11.3,2.5
Togo,2014,3,3,2,4,5,2,4,23,8.3,14.5,2.1,5.6,10.9,0.3,7.7,14.4,1.1
Liberia,2018,2,2,3,2,2,3,2,16,8.4,15.1,1.8,6.9,13.3,0.4,7.3,13.6,1
Niger,2016,1,3,3,4,5,3,2,21,8.4,15.9,0.9,6.1,12.2,    ,7.1,14,0.1
Niger,2014,2,3,3,4,5,3,2,22,8.4,15.7,1,6,11.9,    ,7,13.8,0.2
Colombia,2016,4,5,4,4,5,3,5,30,8.6,13,4.1,7.6,11.6,3.7,8.6,13,4.1
Haiti,2016,1,2,2,2,2,3,2,14,8.6,13.7,3.5,7.7,12.8,2.6,8.6,13.7,3.5
Niger,2018,1,3,3,4,5,3,2,21,8.6,16.3,0.8,6.3,12.6,    ,7.2,14.3,0.1
Barbados,2018,2,5,4,5,2,3,2,23,8.7,15,2.3,5.8,10.1,1.6,7.6,13.2,2
Benin,2014,2,4,4,3,4,2,4,23,8.7,14.8,2.5,4.5,8.8,0.2,6.6,12.4,0.8
Eritrea,2012,2,2,2,3,5,4,2,20,8.7,17,0.4,5.3,10.5,0.1,6.6,12.9,0.3
Barbados,2016,4,5,4,2,2,3,2,22,8.8,15.2,2.4,5.9,10.2,1.6,7.7,13.3,2.1
Liberia,2016,2,2,3,2,2,2,1,14,8.8,15.7,2,7.1,13.8,0.5,7.6,14.1,1.1
Togo,2012,3,3,3,4,5,2,2,22,8.8,15.1,2.4,5.8,11.2,0.3,8,14.9,1.2
Barbados,2014,4,5,4,2,2,3,2,22,8.9,15.4,2.4,6,10.3,1.7,7.8,13.5,2.2
Haiti,2014,1,2,2,2,2,1,1,11,8.9,14.1,3.8,7.9,13,2.8,8.9,14.1,3.8
Barbados,2012,4,5,4,2,2,3,2,22,9.1,15.7,2.5,6.2,10.5,1.8,8,13.6,2.3
Senegal,2018,3,4,5,5,5,3,5,30,9.1,17.4,0.7,6.4,12.5,0.3,7.6,14.5,0.7
Eritrea,2010,3,2,2,3,5,4,4,23,9.2,18,0.5,5.6,11.1,0.1,6.9,13.5,0.3
Panama,2012,4,5,5,5,5,4,2,30,9.2,14.9,3.6,6.8,11.2,2.4,7.7,12.5,2.8
Togo,2010,2,3,3,3,2,2,5,20,9.2,15.6,2.7,6,11.6,0.4,8.3,15.3,1.3
Barbados,2010,3,5,3,2,2,3,5,23,9.3,16.1,2.6,6.3,10.7,1.9,8.2,13.9,2.4
Cameroon,2018,3,3,4,5,4,2,1,22,9.3,17.5,1.2,7.5,14.8,0.3,7.5,14.8,0.3
Colombia,2014,4,5,3,4,5,3,5,29,9.3,14,4.6,8.2,12.4,4.1,9.3,14,4.6
Haiti,2012,1,2,3,2,2,1,2,13,9.3,14.6,4,8.2,13.3,3,9.3,14.6,4
Liberia,2014,2,2,3,2,2,2,2,15,9.3,16.2,2.3,7.3,14.1,0.5,8,14.7,1.3
Cameroon,2016,3,3,4,4,4,2,5,25,9.4,17.5,1.3,7.6,14.9,0.3,7.6,14.9,0.3
Cameroon,2014,3,3,2,4,4,2,5,23,9.4,17.5,1.4,7.6,14.9,0.4,7.6,14.9,0.4
Dominican Republic,2018,2,3,3,2,2,4,2,18,9.4,11.2,7.5,7.7,10.6,4.8,9.4,11.2,7.5
Benin,2012,3,4,3,3,4,2,4,23,9.5,16.1,2.8,4.7,9.2,0.2,6.9,13,0.9
Cameroon,2012,1,3,3,4,4,2,2,19,9.5,17.5,1.6,7.7,14.9,0.4,7.7,14.9,0.4
Oman,2012,3,2,3,4,2,2,2,18,9.5,18.2,0.9,5.6,11,0.2,7.5,14.6,0.4
Oman,2007,2,2,3,2,2,1,1,11,9.5,18.1,1,5.4,10.7,0.2,7.4,14.2,0.5
Senegal,2016,3,4,5,5,5,3,2,27,9.5,18.2,0.8,6.7,13,0.3,7.9,15.1,0.8
Barbados,2007,3,2,3,2,2,1,1,12,9.6,16.5,2.7,6.5,10.9,2,8.4,14.2,2.6
Cameroon,2010,1,2,3,4,4,2,2,18,9.6,17.5,1.7,7.7,15,0.5,7.7,15,0.5
Oman,2018,3,2,3,4,4,3,2,21,9.6,18.5,0.7,5.8,11.5,0.1,7.8,15.2,0.3
Oman,2016,2,2,4,4,4,2,2,20,9.6,18.5,0.8,5.7,11.4,0.1,7.7,15,0.4
Oman,2014,2,2,4,4,2,2,2,18,9.6,18.3,0.8,5.7,11.2,0.1,7.6,14.8,0.4
Oman,2010,3,2,3,2,2,3,2,17,9.6,18.2,0.9,5.5,10.9,0.2,7.4,14.4,0.5
Peru,2018,4,5,4,5,2,3,1,24,9.6,15.6,3.6,8.7,14.3,3.1,9.6,15.6,3.6
Cameroon,2007,1,2,3,4,4,1,1,14,9.7,17.5,2,7.9,15.2,0.5,7.9,15.2,0.5
Haiti,2010,2,2,3,2,2,1,1,13,9.7,15.1,4.3,8.4,13.6,3.2,9.7,15.1,4.3
Costa Rica,2018,4,5,4,5,4,4,5,31,9.8,14.7,5,8.8,13.1,4.5,9.8,14.7,5
Uganda,2018,3,5,3,4,5,3,4,27,9.8,15.5,4,6.4,11.6,1.2,8,13.3,2.6
Liberia,2012,2,2,3,2,2,2,5,18,9.9,17,2.7,7.6,14.5,0.6,8.5,15.4,1.5
Togo,2007,2,2,3,2,2,1,1,11,9.9,16.6,3.3,6.3,12.2,0.4,8.9,16.1,1.6
Senegal,2014,2,2,4,2,4,3,5,22,10,19.2,0.9,7,13.6,0.4,8.3,15.8,0.8
Colombia,2012,4,5,3,4,5,4,4,29,10.1,14.9,5.2,8.9,13.2,4.6,10.1,14.9,5.2
Dominican Republic,2016,2,3,3,2,2,4,2,18,10.1,12,8.1,8.2,11.1,5.3,10.1,12,8.1
Panama,2010,3,5,5,5,5,4,2,29,10.1,16.4,3.9,7.5,12.4,2.7,8.5,13.9,3.1
Eritrea,2007,3,2,2,3,5,1,1,15,10.2,19.9,0.5,6,11.9,0.1,7.4,14.5,0.3
Benin,2010,3,3,3,3,4,2,2,20,10.4,17.6,3.2,5,9.7,0.3,7.3,13.6,1
Haiti,2007,2,2,3,2,2,1,1,11,10.4,16,4.8,8.8,14,3.5,10.4,16,4.8
Liberia,2010,1,2,3,2,2,2,2,14,10.4,17.7,3.1,7.8,15,0.7,8.9,16,1.7
Costa Rica,2016,4,5,4,5,4,4,5,31,10.5,15.6,5.3,9.5,14,4.9,10.5,15.6,5.3
Senegal,2012,2,2,3,2,2,3,2,16,10.6,20.2,1.1,7.3,14.1,0.4,8.6,16.4,0.9
Eswatini,2018,2,2,4,3,4,4,2,21,10.7,19.1,2.2,8,15.1,0.9,8.9,16.3,1.4
Dominican Republic,2014,2,2,3,2,2,4,2,17,10.8,12.9,8.8,8.7,11.5,5.8,10.8,12.9,8.8
Eswatini,2016,2,2,4,3,4,3,1,19,10.8,19.1,2.5,8,15.1,1,8.9,16.3,1.6
Bahamas,2018,4,2,4,2,2,1,2,17,10.9,18.6,3.2,8.3,14.2,2.5,10.9,18.6,3.2
Bahamas,2016,3,2,4,2,2,3,2,18,10.9,18.5,3.3,8.4,14.2,2.6,10.9,18.5,3.3
Eswatini,2014,3,2,4,3,4,3,1,20,10.9,19,2.7,8.1,15.1,1.1,9,16.3,1.7
Uganda,2016,4,5,4,4,5,3,2,27,10.9,17.2,4.6,7,12.7,1.3,8.8,14.6,2.9
Bahamas,2014,3,2,4,2,2,3,2,18,11,18.5,3.5,8.3,14,2.7,11,18.5,3.5
Bahamas,2012,3,2,4,2,2,3,2,18,11,18.5,3.6,8.4,14.1,2.8,11,18.5,3.6
Colombia,2010,3,5,3,4,5,3,5,28,11,16.2,5.8,9.7,14.3,5.1,11,16.2,5.8
Eswatini,2012,4,2,4,2,2,1,2,17,11,18.9,3,8.1,15,1.2,9.1,16.3,1.9
Jamaica,2018,3,5,5,5,2,3,1,24,11,17.7,4.2,8.8,14.2,3.4,11,17.7,4.2
Peru,2016,4,5,4,5,2,3,3,26,11,17.9,4.1,10,16.4,3.6,11,17.9,4.1
Bahamas,2010,3,2,3,2,2,3,2,17,11.1,18.4,3.8,8.5,14.1,2.9,11.1,18.4,3.8
Eswatini,2010,4,2,4,2,2,3,2,19,11.1,18.9,3.4,8.1,14.9,1.3,9.1,16.2,2.1
Costa Rica,2014,4,5,4,5,4,4,4,30,11.2,16.7,5.7,10.1,14.9,5.3,11.2,16.7,5.7
Senegal,2010,2,2,3,2,2,3,2,16,11.2,21.2,1.2,7.6,14.8,0.4,9,17.1,1
Bahamas,2007,3,2,3,2,2,1,1,12,11.3,18.5,4.1,8.6,14.1,3.1,11.3,18.5,4.1
Liberia,2007,1,2,3,2,2,1,1,10,11.3,18.9,3.8,8.3,15.8,0.8,9.6,17.1,2.1
Eswatini,2007,4,2,4,2,2,1,1,14,11.4,18.8,3.9,8.2,15,1.5,9.3,16.2,2.4
Jamaica,2016,2,5,5,5,2,3,1,23,11.6,18.7,4.6,9.4,15,3.7,11.6,18.7,4.6
Dominican Republic,2012,2,2,3,2,2,4,2,17,11.7,13.8,9.6,9.2,12.1,6.3,11.7,13.8,9.6
Chad,2018,1,5,3,5,5,3,4,26,11.8,21.3,2.3,6.4,12.3,0.5,9.5,17.9,1.1
Kenya,2018,3,2,4,4,5,4,2,24,11.8,20.8,2.8,8.3,16.3,0.4,10.2,19.5,1
Panama,2007,3,3,4,5,2,1,1,17,11.8,19.1,4.4,8.8,14.6,3.1,10,16.5,3.6
Costa Rica,2012,4,5,4,4,4,4,5,30,11.9,17.7,6.2,10.8,15.9,5.7,11.9,17.7,6.2
Mali,2018,2,2,4,3,4,3,2,20,12,22.4,1.7,9.3,18.1,0.6,12,22.4,1.7
Uganda,2014,4,3,4,3,2,3,3,22,12,18.8,5.2,7.7,13.9,1.5,9.6,15.9,3.3
Benin,2007,1,3,3,3,4,1,1,14,12.1,20.2,4,5.4,10.4,0.3,7.8,14.5,1.1
Chad,2016,1,5,3,5,5,3,1,23,12.1,21.6,2.6,6.5,12.4,0.5,9.6,17.9,1.2
Mali,2016,2,2,4,3,4,3,2,20,12.1,22.4,1.8,9.3,18,0.6,12.1,22.4,1.8
Mali,2014,2,2,2,3,4,3,2,18,12.1,22.4,1.9,9.4,18,0.7,12.1,22.4,1.9
Senegal,2007,3,2,3,2,2,1,1,12,12.1,22.8,1.4,8.1,15.8,0.5,9.7,18.3,1.2
Guyana,2018,3,5,4,5,5,3,2,27,12.2,22.1,2.2,12.2,22.1,2.2,12.2,22.1,2.2
Mali,2012,2,2,3,3,4,3,2,19,12.2,22.4,2.1,9.4,18.1,0.7,12.2,22.4,2.1
Chad,2014,1,5,3,3,5,3,2,22,12.3,21.6,2.9,6.5,12.4,0.6,9.7,18,1.3
Mali,2010,2,2,3,2,5,2,2,18,12.3,22.4,2.3,9.4,18.1,0.8,12.3,22.4,2.3
Uzbekistan,2018,2,2,4,3,4,3,2,20,12.3,23.3,1.3,10.1,19.3,1,12.3,23.3,1.3
Colombia,2007,3,2,3,2,2,1,1,12,12.4,17.9,6.9,11,15.9,6.1,12.4,17.9,6.9
Jamaica,2014,2,5,4,5,2,3,4,25,12.4,19.7,5,10,15.9,4,12.4,19.7,5
Kenya,2016,3,2,4,4,5,4,5,27,12.4,21.8,3,8.8,17.2,0.4,10.8,20.4,1.1
Mali,2007,2,2,3,2,2,1,1,11,12.5,22.4,2.6,9.6,18.2,0.9,12.5,22.4,2.6
Burundi,2018,1,5,2,3,4,3,2,20,12.6,18.8,6.4,7.7,14.3,1,9.5,16.8,2.2
Chad,2012,2,5,3,3,5,2,2,22,12.6,21.9,3.4,6.5,12.3,0.7,9.7,17.9,1.5
Congo,2007,3,2,3,2,4,1,1,14,12.6,22.2,3.1,8.5,16.2,0.8,9.6,18.1,1.1
Dominican Republic,2010,1,2,3,2,2,4,2,16,12.6,14.8,10.5,9.8,12.6,7,12.6,14.8,10.5
Peru,2014,4,5,4,5,2,3,2,25,12.6,20.4,4.8,11.4,18.7,4.1,12.6,20.4,4.8
Uzbekistan,2016,2,2,4,3,4,3,2,20,12.6,23.9,1.3,10.4,19.9,1,12.6,23.9,1.3
El Salvador,2018,3,5,5,5,4,3,5,30,12.7,22.8,2.5,8.5,15.3,1.7,10.3,18.4,2.2
Costa Rica,2010,4,2,4,2,2,3,2,19,12.8,19,6.7,11.6,17,6.1,12.8,19,6.7
Malawi,2018,2,2,2,2,2,1,2,13,12.8,20.4,5.2,8.9,16,1.7,11,18.2,3.7
Paraguay,2018,2,4,4,3,4,2,2,21,12.8,20.8,4.7,10.6,17.3,3.9,12.8,20.8,4.7
Côte d'Ivoire,2018,1,2,4,2,2,3,4,18,13,24.3,1.6,10.1,20,0.3,12.4,23.9,0.9
Chad,2010,2,5,2,3,5,2,2,21,13,22.2,3.8,6.6,12.4,0.8,9.8,18,1.6
Kenya,2014,3,2,4,4,5,3,2,23,13,22.9,3.2,9.3,18.1,0.5,11.3,21.4,1.2
Norway,2018,4,5,4,4,4,4,5,30,13,15.5,10.5,14.6,14.8,14.4,18.4,19.1,17.7
Uzbekistan,2014,2,2,4,3,4,3,1,19,13,24.7,1.3,10.7,20.4,1,13,24.7,1.3
Jamaica,2012,3,2,4,3,2,3,2,19,13.1,20.8,5.4,10.6,16.9,4.4,13.1,20.8,5.4
Burundi,2016,1,2,2,2,2,3,1,13,13.2,19.6,6.9,8,14.9,1,9.9,17.6,2.3
Guyana,2016,3,3,4,2,2,2,2,18,13.2,24,2.4,13.2,24,2.4,13.2,24,2.4
El Salvador,2016,3,5,5,5,4,4,5,31,13.3,23.9,2.7,8.9,15.9,1.8,10.7,19.1,2.3
Rwanda,2018,1,2,2,3,2,4,3,17,13.3,19.7,6.9,6.9,12.9,0.8,11.2,18.5,3.9
United Republic of Tanzania,2018,2,2,3,3,4,3,2,19,13.3,23.5,3.1,8.6,16.6,0.6,11,19.9,2
Côte d'Ivoire,2016,1,2,4,2,2,3,4,18,13.4,25,1.8,10.5,20.7,0.3,12.8,24.7,1
Uganda,2012,2,3,4,3,2,3,2,19,13.4,20.8,5.9,8.5,15.3,1.7,10.6,17.5,3.6
Uzbekistan,2012,1,2,3,3,4,3,4,20,13.4,25.4,1.3,11,21,1,13.4,25.4,1.3
Congo,2010,2,2,4,2,4,3,2,19,13.5,24.2,2.7,9.3,17.9,0.7,10.3,19.6,1
Chad,2007,2,2,2,2,4,1,1,12,13.6,22.6,4.7,6.7,12.5,0.9,10,18,1.9
Kenya,2012,2,2,4,3,5,3,2,21,13.7,24,3.4,9.7,18.9,0.5,11.9,22.5,1.4
El Salvador,2014,3,2,4,5,4,4,5,27,13.8,24.7,2.9,9.3,16.6,2,11.2,19.9,2.5
Iceland,2018,4,2,3,4,4,4,2,23,13.8,13.9,13.7,11,10.5,11.4,13.8,13.9,13.7
Malawi,2016,1,2,2,2,2,1,1,11,13.8,21.9,5.8,9.5,17.2,1.8,11.8,19.5,4
Uzbekistan,2010,2,2,3,3,2,3,2,17,13.8,26.2,1.3,11.3,21.6,1,13.8,26.2,1.3
Mexico,2018,2,1,5,5,2,4,1,20,13.9,21.2,6.5,12.8,19.7,5.9,13.9,21.2,6.5
Rwanda,2016,2,2,3,3,2,4,1,17,13.9,20.4,7.3,7.2,13.5,0.9,11.8,19.5,4.1
Zimbabwe,2018,2,3,4,2,2,3,2,18,13.9,26.5,1.3,11.1,21.9,0.4,13.9,26.5,1.3
Burundi,2014,1,2,2,2,2,3,2,14,14,20.5,7.5,8.3,15.5,1.1,10.4,18.4,2.4
Congo,2012,2,5,4,3,4,3,2,23,14,25.6,2.5,9.9,19,0.7,10.9,20.8,0.9
Iran (Islamic Republic of),2018,4,5,4,5,5,2,3,28,14,24.6,3.5,8.7,16.6,0.8,10.6,19.8,1.4
Jamaica,2010,3,2,4,3,2,4,2,20,14,22.1,5.9,11.3,17.8,4.8,14,22.1,5.9
Paraguay,2016,3,2,4,3,4,2,2,20,14,22.6,5.4,11.7,18.9,4.4,14,22.6,5.4
Qatar,2018,4,2,4,4,5,3,5,27,14,26.7,1.3,10.2,20.1,0.3,11.8,23.1,0.6
Norway,2016,4,5,4,4,4,4,5,30,14.1,16.6,11.7,16.1,16.3,15.9,20.2,20.9,19.5
Qatar,2016,4,2,4,4,5,2,1,22,14.1,26.8,1.4,10.2,19.9,0.4,11.9,23.1,0.7
United Republic of Tanzania,2016,3,2,4,3,4,3,1,20,14.1,24.8,3.4,9.3,17.9,0.7,11.8,21.5,2.2
Côte d'Ivoire,2014,2,2,4,2,2,3,4,19,14.2,26.2,2.1,10.9,21.5,0.4,13.4,25.7,1.1
Costa Rica,2007,4,2,4,2,2,1,1,14,14.2,20.8,7.5,12.8,18.7,6.9,14.2,20.8,7.5
Dominican Republic,2007,3,2,3,2,2,1,1,12,14.3,16.7,11.9,10.8,13.6,8,14.3,16.7,11.9
Qatar,2014,4,2,4,4,4,2,2,22,14.3,27,1.5,10.1,19.8,0.4,12,23.3,0.8
Qatar,2012,3,2,4,4,4,2,2,21,14.3,27.1,1.6,10.1,19.7,0.5,12.3,23.6,0.9
Zimbabwe,2016,2,3,4,2,2,3,2,18,14.3,27.2,1.4,11.4,22.4,0.4,14.3,27.2,1.4
Gambia,2018,2,5,2,3,5,3,4,24,14.4,27.3,1.5,11.4,22.5,0.3,15.2,29.7,0.7
Guyana,2014,2,3,4,2,2,3,2,18,14.4,26.2,2.7,14.4,26.2,2.7,14.4,26.2,2.7
Kenya,2010,2,2,3,3,5,4,2,21,14.4,25.1,3.6,10.2,19.8,0.6,12.5,23.4,1.5
Mozambique,2018,2,2,4,2,4,3,2,19,14.4,23.4,5.4,11.3,20.9,1.7,15.6,26.7,4.4
Uzbekistan,2007,2,2,3,2,2,1,1,11,14.4,27.4,1.4,11.9,22.7,1.1,14.4,27.4,1.4
El Salvador,2012,2,2,5,5,4,4,5,27,14.5,25.8,3.1,9.8,17.4,2.1,11.7,20.7,2.7
Peru,2012,4,5,3,5,2,3,2,24,14.5,23.4,5.6,13.1,21.4,4.8,14.5,23.4,5.6
Qatar,2010,3,2,4,2,4,3,2,20,14.5,27.4,1.7,10.1,19.6,0.6,12.4,23.7,1.1
Rwanda,2014,2,2,3,2,2,3,2,16,14.5,21.3,7.7,7.5,14.1,0.9,12.4,20.5,4.4
Iran (Islamic Republic of),2016,4,5,5,5,5,3,4,31,14.6,25.5,3.8,9.2,17.5,0.9,11.2,20.8,1.6
Congo,2014,2,5,4,3,4,3,2,23,14.7,27.1,2.3,10.6,20.6,0.6,11.4,21.9,0.8
Morocco,2018,3,3,3,2,4,4,4,23,14.7,28.6,0.9,11.7,22.6,0.8,13.8,26.8,0.9
Zambia,2018,2,4,4,2,2,3,2,19,14.7,25,4.4,11.5,22,1,13.5,24.1,3
Zimbabwe,2014,2,3,2,2,2,3,2,16,14.7,27.9,1.6,11.7,23,0.5,14.7,27.9,1.6
Burundi,2012,2,2,2,2,2,4,2,16,14.8,21.4,8.1,8.7,16.2,1.2,10.8,19.1,2.6
Mexico,2016,2,1,5,5,2,4,1,20,14.8,22.5,7,13.5,20.7,6.3,14.8,22.5,7
New Zealand,2018,4,5,5,5,4,5,5,33,14.8,16.1,13.5,14,15.3,12.8,14.8,16.1,13.5
Uganda,2010,2,3,4,3,2,3,2,19,14.8,22.8,6.8,9.3,16.7,1.9,11.6,19.1,4.1
Côte d'Ivoire,2012,2,2,3,2,2,3,2,16,14.9,27.4,2.4,11.4,22.3,0.4,13.9,26.6,1.2
Malawi,2014,3,2,2,2,2,2,2,15,14.9,23.3,6.4,10.2,18.5,2,12.7,21,4.4
Qatar,2007,3,2,4,2,4,1,1,15,14.9,27.8,1.9,10.1,19.5,0.7,12.7,23.9,1.4
Gambia,2016,1,2,2,3,4,4,2,18,15,28.3,1.7,11.8,23.2,0.3,15.7,30.5,0.8
Iceland,2016,4,2,3,4,4,4,2,23,15,15.3,14.7,11.9,11.5,12.3,15,15.3,14.7
United Republic of Tanzania,2014,3,2,4,3,4,3,2,21,15,26.3,3.7,10,19.3,0.7,12.7,23.1,2.3
El Salvador,2010,3,3,4,2,2,4,4,22,15.1,26.9,3.4,10.2,18.2,2.3,12.3,21.6,2.9
Rwanda,2012,3,2,2,2,2,3,4,18,15.2,22.2,8.2,7.9,14.9,1,12.9,21.3,4.6
Zambia,2016,2,4,3,2,2,3,2,18,15.2,25.7,4.6,11.7,22.3,1.1,14,24.8,3.2
Zimbabwe,2012,1,3,3,2,2,3,2,16,15.2,28.6,1.7,12.1,23.7,0.5,15.2,28.6,1.7
Iran (Islamic Republic of),2014,4,5,5,5,5,2,5,31,15.3,26.6,4,9.5,18.1,1,11.7,21.6,1.8
Congo,2016,1,5,4,3,4,3,2,22,15.4,28.6,2.1,11.3,22.1,0.6,12,23.2,0.8
Jamaica,2007,2,2,4,3,2,1,1,13,15.4,24,6.7,12.4,19.4,5.4,15.4,24,6.7
Mozambique,2016,2,2,3,2,4,3,2,18,15.4,24.9,5.9,11.8,21.8,1.8,16.4,28,4.7
Norway,2014,4,5,4,4,4,4,5,30,15.4,17.8,13,17.7,18,17.5,22.2,22.8,21.5
Paraguay,2014,3,2,4,2,2,2,2,17,15.4,24.6,6.1,12.7,20.4,5,15.4,24.6,6.1
Brunei Darussalam,2018,4,5,4,5,4,1,5,27,15.5,28.6,2.5,13,24,2,15.5,28.6,2.5
Burundi,2010,2,2,2,2,2,4,2,16,15.5,22.3,8.7,9.1,17,1.2,11.4,20,2.7
Morocco,2016,2,3,3,2,4,4,5,23,15.5,30.1,0.9,12.1,23.4,0.9,14.4,27.8,0.9
Côte d'Ivoire,2010,2,2,3,2,2,3,3,17,15.6,28.5,2.7,11.8,23.2,0.5,14.5,27.6,1.3
Guyana,2012,2,3,4,2,2,3,1,17,15.6,28.4,2.9,15.6,28.4,2.9,15.6,28.4,2.9
Kenya,2007,3,2,3,3,5,1,1,16,15.6,27.1,4,11,21.4,0.7,13.6,25.5,1.8
Zimbabwe,2010,2,3,3,2,2,4,2,18,15.6,29.4,1.9,12.4,24.2,0.5,15.6,29.4,1.9
Brunei Darussalam,2016,4,5,5,5,4,1,2,25,15.7,28.7,2.7,13.1,24.1,2.1,15.7,28.7,2.7
Gambia,2014,2,2,2,3,4,3,4,20,15.7,29.5,1.9,12.1,23.9,0.3,16.1,31.3,0.9
Mexico,2014,3,1,5,5,2,4,4,24,15.7,23.8,7.5,14.3,21.9,6.8,15.7,23.8,7.5
Zambia,2014,2,4,3,2,2,3,2,18,15.7,26.5,4.9,12.1,22.9,1.2,14.4,25.3,3.5
Brunei Darussalam,2014,4,5,5,5,4,1,4,27,15.8,28.8,2.9,13.3,24.2,2.3,15.8,28.8,2.9
Rwanda,2010,2,2,2,2,2,3,5,18,15.9,23.1,8.6,8.4,15.7,1,13.8,22.7,4.9
Brunei Darussalam,2012,2,5,4,5,4,1,2,22,16,28.9,3.1,13.4,24.3,2.5,16,28.9,3.1
Burkina Faso,2018,2,5,3,5,4,3,2,24,16,24.9,7.2,10,19.6,0.4,12.3,22.9,1.8
Malawi,2012,3,2,2,2,2,3,2,16,16,24.9,7.1,11,19.8,2.2,13.6,22.4,4.8
New Zealand,2016,4,5,5,5,4,4,5,32,16,17.3,14.7,15.2,16.4,14,16,17.3,14.7
United Republic of Tanzania,2012,2,2,4,2,4,3,1,18,16,28,4,10.7,20.7,0.8,13.7,24.9,2.5
Brunei Darussalam,2010,1,4,4,5,4,1,4,22,16.1,28.9,3.3,13.6,24.4,2.7,16.1,28.9,3.3
Congo,2018,1,5,4,3,5,3,2,23,16.1,30.1,2,12.2,23.8,0.5,12.7,24.6,0.7
Iran (Islamic Republic of),2012,4,5,5,5,5,2,2,28,16.1,27.7,4.4,10,18.8,1.2,12.3,22.5,2.1
Australia,2018,4,5,5,5,4,5,5,33,16.2,18.7,13.6,11.4,12.9,9.9,14.1,16.1,12.1
El Salvador,2007,3,3,4,2,2,1,1,14,16.2,28.6,3.8,11,19.4,2.5,13.1,23.1,3.2
Zambia,2012,2,4,3,2,2,3,2,18,16.2,27.2,5.3,12.3,23.4,1.2,14.7,25.7,3.7
Gambia,2012,2,2,2,3,4,3,2,18,16.3,30.5,2.1,12.4,24.5,0.4,16.6,32.3,1
Iceland,2014,4,2,3,4,4,4,2,23,16.4,16.7,16,13,12.7,13.3,16.4,16.7,16
Morocco,2014,2,3,3,2,4,4,2,20,16.4,31.7,1,12.7,24.5,1,15,28.9,1
Zimbabwe,2007,2,3,3,2,2,1,1,12,16.4,30.6,2.1,12.9,25.3,0.6,16.4,30.6,2.1
Brazil,2018,4,5,5,5,5,5,5,34,16.5,21.5,11.5,11.8,15.3,8.2,13.4,17.2,9.5
Brunei Darussalam,2007,1,4,4,5,4,1,1,18,16.5,29.2,3.7,13.8,24.5,3,16.5,29.2,3.7
Singapore,2018,4,3,5,5,4,4,4,29,16.5,27.8,5.1,14.8,25,4.6,16.5,27.8,5.1
Singapore,2014,4,3,5,5,4,4,5,30,16.5,27.8,5.3,14.7,24.8,4.7,16.5,27.8,5.3
Singapore,2012,4,3,5,5,4,4,5,30,16.5,27.7,5.3,14.7,24.8,4.7,16.5,27.7,5.3
Singapore,2010,4,3,5,4,4,4,5,29,16.5,27.7,5.3,14.8,24.7,4.8,16.5,27.7,5.3
Singapore,2007,4,3,5,4,4,1,1,20,16.5,27.5,5.4,14.7,24.6,4.9,16.5,27.5,5.4
Mozambique,2014,2,2,3,2,4,3,2,18,16.6,26.7,6.5,12.3,22.8,1.9,17.1,29.3,5
Peru,2010,4,5,3,5,2,3,2,24,16.6,26.8,6.5,15,24.5,5.6,16.6,26.8,6.5
Saudi Arabia,2018,2,4,5,5,5,4,4,29,16.6,31.2,2,9.8,18.6,0.9,12.7,24.2,1.2
Saudi Arabia,2016,2,4,4,4,4,2,3,23,16.6,30.9,2.2,9.7,18.4,1.1,12.7,24,1.4
Saudi Arabia,2012,2,5,4,4,2,2,3,22,16.6,30.6,2.6,9.7,17.9,1.4,12.7,23.5,1.9
Saudi Arabia,2010,4,3,4,2,2,3,3,21,16.6,30.4,2.9,9.7,17.8,1.7,12.7,23.1,2.2
Singapore,2016,4,3,5,5,4,4,5,30,16.6,27.9,5.2,14.7,24.8,4.6,16.6,27.9,5.2
Mexico,2012,3,1,4,5,2,4,2,21,16.7,25.2,8.1,15.3,23.2,7.3,16.7,25.2,8.1
Norway,2012,4,3,4,4,4,4,5,28,16.7,19.2,14.3,19.4,19.5,19.2,24.4,25.1,23.7
Saudi Arabia,2014,3,5,4,4,2,2,2,22,16.7,30.9,2.4,9.7,18.2,1.2,12.7,23.7,1.7
Zambia,2010,1,4,3,2,2,3,5,20,16.7,27.8,5.6,12.7,23.9,1.4,15.3,26.5,4
Iran (Islamic Republic of),2010,4,5,5,5,5,2,1,27,16.8,28.9,4.8,10.5,19.6,1.3,13,23.6,2.4
Paraguay,2012,3,2,4,2,2,2,2,17,16.8,26.7,6.9,14,22.2,5.7,16.8,26.7,6.9
Saudi Arabia,2007,4,3,4,2,2,1,1,15,16.8,30.3,3.3,9.8,17.6,2.1,12.9,22.9,2.9
Burkina Faso,2016,2,5,3,5,4,3,2,24,16.9,25.6,8.3,10.1,19.9,0.4,12.6,23,2.1
Burundi,2007,1,2,2,2,2,1,1,9,16.9,23.9,9.8,9.7,18.1,1.3,12.2,21.3,3
Côte d'Ivoire,2007,1,2,3,2,2,1,1,10,16.9,30.4,3.4,12.6,24.6,0.6,15.5,29.3,1.6
Rwanda,2007,1,2,2,2,2,1,1,9,17,24.6,9.5,9,16.9,1.1,14.8,24.3,5.3
United Republic of Tanzania,2010,1,2,4,2,4,3,2,18,17,29.7,4.3,11.6,22.3,0.8,14.8,26.8,2.7
Australia,2016,4,5,5,5,4,4,5,32,17.1,19.7,14.5,12.2,13.7,10.7,14.9,16.8,12.9
Gambia,2010,2,2,2,3,4,4,2,19,17.1,31.9,2.4,12.9,25.3,0.4,17.1,33.2,1.1
Guyana,2010,2,3,4,2,2,3,2,18,17.1,31,3.2,17.1,31,3.2,17.1,31,3.2
Morocco,2012,2,3,3,2,4,4,2,20,17.1,33.1,1.1,13.2,25.3,1.1,15.7,30.2,1.1
New Zealand,2014,4,5,5,5,4,5,4,32,17.3,18.5,16.1,16.4,17.5,15.2,17.3,18.5,16.1
Uganda,2007,2,3,4,2,2,1,1,13,17.3,26.4,8.3,10.7,19.2,2.2,13.4,22,4.8
Malawi,2010,3,2,2,2,2,1,2,14,17.4,26.8,8,11.8,21.2,2.3,14.6,24,5.2
Canada,2018,4,5,5,5,4,4,2,29,17.5,22.7,12.4,12.5,14.9,10.2,13,15.5,10.5
Zambia,2007,2,3,3,2,2,1,1,12,17.6,29,6.2,13.2,24.8,1.5,15.9,27.3,4.5
Mexico,2010,2,1,4,5,2,4,2,20,17.7,26.7,8.7,16.2,24.6,7.9,17.7,26.7,8.7
Brazil,2016,4,5,5,5,5,4,3,31,17.8,23.2,12.5,12.6,16.2,8.9,14.2,18.1,10.2
Iceland,2012,4,2,3,4,4,4,3,24,17.8,18.3,17.3,14.1,13.9,14.3,17.8,18.3,17.3
Mozambique,2012,1,2,3,2,4,2,2,16,17.9,28.6,7.2,13,24,2,18,30.7,5.3
Namibia,2018,2,5,4,5,4,3,4,27,17.9,28.4,7.4,13.8,23.1,4.5,21.1,34.2,8.1
Burkina Faso,2014,2,5,3,4,4,3,2,23,18,26.5,9.5,10.4,20.3,0.5,13,23.6,2.5
Iran (Islamic Republic of),2007,4,5,5,3,5,1,1,22,18,30.7,5.4,11.3,21,1.6,14,25.1,3
Morocco,2010,4,3,3,2,4,4,5,25,18,34.8,1.3,13.8,26.4,1.2,16.4,31.5,1.3
Australia,2014,4,5,5,5,4,4,5,32,18.2,20.7,15.6,12.9,14.4,11.4,15.8,17.8,13.8
Norway,2010,4,3,4,4,4,4,2,25,18.2,20.6,15.8,21.3,21.5,21.1,26.8,27.6,26.1
United Arab Emirates,2018,3,1,5,4,5,4,2,24,18.2,35.6,0.8,11.3,22.3,0.3,14.7,29,0.5
Gambia,2007,1,2,2,2,4,1,1,11,18.3,33.9,2.8,13.5,26.6,0.5,18,34.7,1.3
Namibia,2016,2,5,4,5,4,3,2,25,18.3,28.2,8.4,13.9,22.9,4.9,21.2,33.7,8.7
Paraguay,2010,2,2,4,2,2,2,2,16,18.5,29.1,7.9,15.4,24.2,6.5,18.5,29.1,7.9
United Arab Emirates,2016,2,1,5,4,5,2,4,23,18.5,36.1,0.8,11.4,22.5,0.3,14.9,29.2,0.6
Denmark,2018,4,2,5,5,4,4,4,28,18.6,18.4,18.7,16.8,16.1,17.6,18.6,18.4,18.7
New Zealand,2012,4,5,5,5,4,4,5,32,18.6,19.7,17.5,17.6,18.7,16.6,18.6,19.7,17.5
United Republic of Tanzania,2007,1,2,4,2,4,1,1,13,18.7,32.6,4.9,13,25.1,0.9,16.5,30,3
Algeria,2018,3,3,3,2,4,3,1,19,18.8,36.3,1.4,11.1,21.7,0.5,14.5,28.1,0.9
Democratic People's Republic of Korea,2018,2,4,4,2,2,2,1,17,18.8,37.5,    ,15.5,31.1,    ,18.8,37.5,    
Namibia,2014,2,5,4,5,4,3,2,25,18.9,28.1,9.7,13.9,22.6,5.2,21.3,33.2,9.4
United Arab Emirates,2014,3,1,5,4,5,2,4,24,18.9,36.9,0.9,11.7,23,0.4,15.2,29.7,0.7
Democratic People's Republic of Korea,2016,2,4,4,2,2,2,5,21,19,38,    ,15.7,31.3,    ,19,38,    
Algeria,2016,2,3,3,2,4,3,1,18,19.1,36.8,1.5,11.2,21.9,0.5,14.7,28.5,1
Burkina Faso,2012,1,5,3,4,4,3,2,22,19.1,27.2,11,10.6,20.7,0.6,13.4,23.9,2.9
Canada,2016,4,5,5,5,4,4,2,29,19.1,24.5,13.7,13.6,15.9,11.2,14.1,16.6,11.7
United Arab Emirates,2012,3,3,5,4,4,3,1,23,19.1,37.4,0.9,11.8,23.2,0.4,15.5,30.2,0.7
Brazil,2014,3,5,5,5,5,4,4,31,19.2,24.8,13.5,13.4,17.2,9.6,15.2,19.3,11.1
Democratic People's Republic of Korea,2014,2,3,4,2,2,2,1,16,19.2,38.5,    ,16,32,    ,19.2,38.5,    
Mozambique,2010,2,2,3,2,4,3,2,18,19.2,30.5,7.9,13.6,25.2,2.1,18.9,32,5.7
United Kingdom of Great Britain and Northern Ireland,2018,4,5,4,5,4,5,5,32,19.2,21.1,17.3,16.8,18.6,15,19.2,21.1,17.3
Australia,2012,4,5,5,5,4,4,5,32,19.3,21.9,16.6,13.7,15.3,12.2,16.8,18.9,14.8
Algeria,2014,3,3,3,2,4,3,2,20,19.4,37.3,1.6,11.4,22.2,0.6,14.9,28.8,1.1
Iceland,2010,4,2,3,3,4,4,2,22,19.4,20.1,18.6,15.4,15.3,15.6,19.4,20.1,18.6
Mexico,2007,2,2,4,2,2,1,1,12,19.4,29,9.8,17.7,26.7,8.8,19.4,29,9.8
Morocco,2007,4,3,3,2,4,1,1,16,19.4,37.4,1.5,14.8,28.1,1.5,17.4,33.4,1.5
United Arab Emirates,2010,3,3,5,2,4,3,4,24,19.4,37.9,1,12.1,23.7,0.5,15.8,30.8,0.8
Comoros,2018,2,3,3,3,2,3,2,18,19.5,29.9,9.2,10.5,18.8,2.2,13.5,22.8,4.2
Democratic People's Republic of Korea,2012,2,3,4,2,2,1,4,18,19.5,39.1,    ,16.1,32.1,    ,19.5,39.1,    
Guyana,2007,2,2,3,2,2,1,1,11,19.5,35.3,3.8,19.5,35.3,3.8,19.5,35.3,3.8
Malawi,2007,3,2,2,2,2,1,1,11,19.5,29.8,9.3,13.1,23.5,2.7,16.3,26.7,5.9
Azerbaijan,2018,4,1,3,3,5,3,4,23,19.6,39,0.2,15.6,31.1,0.1,19.6,39,0.2
Namibia,2012,2,5,4,2,4,3,2,22,19.6,28,11.1,13.9,22.2,5.6,21.4,32.7,10
Finland,2018,4,2,4,5,4,5,3,27,19.7,21,18.3,17.3,18.8,15.8,19.7,21,18.3
Algeria,2012,3,3,3,2,4,4,2,21,19.8,37.9,1.7,11.6,22.5,0.7,15.2,29.1,1.2
Democratic People's Republic of Korea,2010,2,3,4,2,2,1,1,15,19.8,39.6,    ,16.4,32.8,    ,19.8,39.6,    
Sierra Leone,2018,2,2,2,2,2,2,2,14,19.8,31,8.5,16.4,29.1,3.6,19.8,31,8.5
Algeria,2010,2,3,3,2,4,3,2,19,20,38.3,1.8,11.7,22.7,0.8,15.5,29.6,1.4
Denmark,2016,4,2,5,5,4,4,5,29,20,20.1,19.9,18.2,17.7,18.6,20,20.1,19.9
Pakistan,2018,4,5,4,5,4,4,5,31,20,33.6,6.4,15.4,28.6,2.2,20.3,37.5,3
United Arab Emirates,2007,2,2,3,2,4,1,1,13,20,39,1.1,12.6,24.6,0.6,16.4,31.8,1
New Zealand,2010,4,5,5,5,4,5,4,32,20.1,21.2,19,19.1,20.1,18,20.1,21.2,19
Azerbaijan,2016,4,3,3,3,4,2,2,21,20.3,40.4,0.2,16.3,32.4,0.2,20.3,40.4,0.2
Democratic People's Republic of Korea,2007,1,2,4,2,2,1,1,11,20.3,40.5,    ,16.8,33.6,    ,20.3,40.5,    
Australia,2010,4,5,5,5,4,4,5,32,20.4,22.9,17.9,14.7,16.2,13.1,17.9,19.9,15.8
Burkina Faso,2010,1,5,3,2,4,3,2,20,20.4,28.1,12.7,10.8,21,0.7,13.9,24.4,3.4
Finland,2016,4,2,4,5,4,5,1,25,20.4,22.1,18.7,18.1,19.8,16.3,20.4,22.1,18.7
Namibia,2010,2,5,3,2,4,3,2,21,20.4,28,12.8,14,21.9,6.1,21.5,32.3,10.8
Peru,2007,4,3,3,2,2,1,1,14,20.6,33,8.2,18.6,30.2,7.1,20.6,33,8.2
United Kingdom of Great Britain and Northern Ireland,2016,4,5,4,5,4,5,5,32,20.6,22.4,18.7,18,19.8,16.2,20.6,22.4,18.7
Brazil,2012,3,5,5,5,5,4,3,30,20.7,26.7,14.6,14.4,18.4,10.4,16.2,20.5,12
Canada,2014,4,5,5,5,4,4,2,29,20.7,26.3,15.1,14.8,17.1,12.5,15.4,17.8,13
Norway,2007,4,3,4,3,4,1,1,18,20.7,23,18.4,24.5,24.7,24.4,30.8,31.5,30.1
Algeria,2007,2,3,3,2,4,1,1,14,20.8,39.7,1.9,12.1,23.2,0.9,15.9,30.2,1.6
Comoros,2016,3,3,2,3,2,3,2,18,20.9,31,10.8,10.9,19.2,2.5,14,23.3,4.7
Yemen,2018,2,4,3,4,5,4,3,25,20.9,32.5,9.3,12,20.7,3.4,16.4,26.9,5.9
Azerbaijan,2014,3,3,2,3,4,2,2,19,21.1,42,0.2,16.8,33.5,0.2,21.1,42,0.2
Egypt,2012,4,5,4,5,4,4,5,31,21.1,41.7,0.5,17.1,33.9,0.2,21.1,41.7,0.5
Seychelles,2018,3,5,4,5,5,4,5,31,21.1,35.3,6.9,18.1,31,5.2,21.1,35.3,6.9
Sierra Leone,2016,1,2,2,2,2,2,4,15,21.1,32.6,9.5,17.2,30.4,4,21.1,32.6,9.5
Egypt,2010,4,5,4,5,4,4,5,31,21.2,41.9,0.6,16.7,33.2,0.2,21.2,41.9,0.6
Paraguay,2007,3,2,4,2,2,1,1,13,21.2,32.9,9.5,17.6,27.5,7.8,21.2,32.9,9.5
Egypt,2016,4,5,4,5,4,4,2,28,21.3,42.3,0.4,17.8,35.4,0.2,21.3,42.3,0.4
Egypt,2014,4,5,3,5,4,4,2,27,21.3,42,0.5,17.4,34.6,0.2,21.3,42,0.5
Egypt,2007,4,3,4,4,4,1,1,19,21.3,41.8,0.7,16.2,32.2,0.3,21.3,41.8,0.7
Finland,2014,4,2,4,3,4,5,5,27,21.3,23.4,19.3,18.9,20.9,16.8,21.3,23.4,19.3
Egypt,2018,4,5,4,5,4,5,2,29,21.4,42.3,0.4,18.2,36.3,0.2,21.3,42.1,0.4
Mozambique,2007,2,2,3,2,4,1,1,13,21.4,33.7,9.1,14.7,27,2.3,20.4,34.5,6.3
Seychelles,2016,3,5,4,5,5,4,5,31,21.5,36,7.1,18.3,31.4,5.3,21.5,35.9,7.1
Denmark,2014,4,2,5,4,4,4,2,25,21.6,22,21.3,19.6,19.4,19.9,21.6,22,21.3
Pakistan,2016,4,5,4,4,4,4,5,30,21.6,35.8,7.3,15.5,28.6,2.5,20.4,37.3,3.4
Luxembourg,2018,4,3,5,5,4,4,5,30,21.7,23.6,19.8,19.8,22.3,17.3,21.7,23.6,19.8
Yemen,2016,2,4,3,4,5,4,2,24,21.7,33.5,9.9,12.5,21.3,3.8,17.2,27.8,6.7
Argentina,2018,3,5,4,5,4,5,3,29,21.8,28.2,15.4,19.2,24.6,13.8,21.1,27,15.3
Cambodia,2018,4,5,3,5,4,3,4,28,21.8,37.4,6.3,16.1,30.4,1.8,17.1,32.3,2
Malaysia,2018,4,2,4,5,4,4,1,24,21.8,42.7,1,18.5,36.3,0.8,21.8,42.7,1
Uruguay,2018,4,5,4,5,5,4,1,28,21.8,25.2,18.4,19.5,22.7,16.2,21.8,25.2,18.4
Azerbaijan,2012,3,3,3,3,4,2,2,20,21.9,43.6,0.2,17.5,34.8,0.2,21.9,43.6,0.2
Japan,2018,4,3,4,3,2,4,3,23,21.9,33.2,10.5,21.1,31.9,10.2,21.9,33.2,10.5
Namibia,2007,3,2,3,2,2,1,1,12,21.9,28,15.8,14.1,21.5,6.7,21.8,31.5,12.1
Seychelles,2014,2,5,4,5,5,5,2,28,21.9,36.6,7.3,18.6,31.8,5.4,21.9,36.5,7.3
Republic of Korea,2018,4,2,5,4,2,4,5,26,22,38.2,5.9,20.9,36.2,5.6,22,38.2,5.9
United Kingdom of Great Britain and Northern Ireland,2014,4,5,4,4,4,5,5,31,22,23.8,20.2,19.3,21,17.6,22,23.8,20.2
Iceland,2007,4,2,3,3,4,1,1,16,22.1,23.3,21,17.6,17.6,17.5,22.1,23.3,21
Kuwait,2018,4,3,5,4,5,2,2,25,22.1,40.9,3.4,15,28.8,1.2,19.3,36.5,2.1
Iraq,2018,3,3,4,3,4,2,5,24,22.2,40.8,3.6,14.2,27,1.4,18.5,34.7,2.4
Brazil,2010,2,2,5,5,4,4,3,25,22.3,28.8,15.9,15.3,19.4,11.2,17.3,21.7,12.9
Finland,2012,4,2,4,3,4,5,3,25,22.3,24.6,20.1,19.7,22.1,17.3,22.3,24.6,20.1
Australia,2007,4,5,5,5,4,1,1,23,22.4,24.9,19.9,16.1,17.6,14.6,19.7,21.7,17.6
Kuwait,2016,4,3,5,4,5,2,2,25,22.4,41.2,3.6,15,28.6,1.4,19.4,36.5,2.4
Seychelles,2012,2,5,3,5,5,4,5,29,22.4,37.3,7.4,19,32.5,5.6,22.4,37.3,7.4
Luxembourg,2016,4,2,5,3,4,4,4,26,22.5,24.8,20.3,20.4,23.1,17.8,22.5,24.8,20.3
Malaysia,2016,4,2,4,5,4,4,5,28,22.5,43.8,1.1,19.1,37.4,0.9,22.5,43.8,1.1
New Zealand,2007,4,5,5,5,4,1,1,23,22.5,23.4,21.7,21.5,22.3,20.7,22.5,23.4,21.7
Sierra Leone,2014,2,2,2,2,2,2,2,14,22.5,34.3,10.7,18,31.5,4.5,22.5,34.3,10.7
Canada,2012,4,5,5,5,4,4,2,29,22.6,28.5,16.8,16.1,18.4,13.8,16.7,19.2,14.3
Comoros,2014,2,3,2,3,2,4,2,18,22.6,32.3,12.9,11.3,19.8,2.8,14.6,23.9,5.3
Iraq,2016,3,3,4,3,4,2,3,22,22.6,41.3,3.9,14.4,27.2,1.6,19,35.2,2.8
Yemen,2014,2,4,3,4,5,4,3,25,22.6,34.5,10.6,13,21.8,4.3,18,28.5,7.5
Burkina Faso,2007,2,2,3,2,4,1,1,13,22.7,29.5,15.8,11.2,21.6,0.8,14.7,25.2,4.3
Slovenia,2018,4,1,4,5,5,5,3,27,22.7,25.1,20.3,20.9,23.3,18.5,22.7,25.1,20.3
Azerbaijan,2010,2,3,3,3,4,2,2,19,22.8,45.3,0.2,18.2,36.2,0.2,22.8,45.3,0.2
Japan,2016,4,2,4,3,2,4,2,21,22.8,34.7,10.9,22.1,33.7,10.5,22.8,34.7,10.9
Kuwait,2014,4,4,5,4,4,2,4,27,22.8,41.8,3.9,15.1,28.7,1.5,19.6,36.6,2.7
Thailand,2018,4,5,4,5,4,5,4,31,22.8,42.5,3.1,19,36.5,1.6,20.3,38.9,1.7
Seychelles,2010,2,5,3,3,5,4,3,25,22.9,38.1,7.6,19.4,33.2,5.7,22.7,37.9,7.6
Sri Lanka,2018,3,4,4,5,4,4,1,25,22.9,43.2,2.7,10.6,21,0.2,13.8,27.4,0.3
Slovenia,2016,4,1,4,3,4,5,2,23,23,25.3,20.7,21.2,23.6,18.8,23,25.3,20.7
Iraq,2014,2,3,4,3,4,2,2,20,23.1,41.9,4.3,14.7,27.6,1.9,19.3,35.4,3.2
Malaysia,2014,4,2,4,5,4,4,5,28,23.1,44.9,1.3,19.8,38.5,1,23.1,44.9,1.3
Kuwait,2012,4,4,5,4,4,3,5,29,23.2,42.3,4.2,15.2,28.8,1.7,19.8,36.6,3
Pakistan,2014,4,5,4,4,4,4,4,29,23.2,37.9,8.5,15.7,28.7,2.8,20.7,37.5,3.8
Uruguay,2016,4,5,4,5,5,4,2,29,23.2,26.8,19.6,20.7,24.2,17.3,23.2,26.8,19.6
Luxembourg,2014,4,2,4,3,4,4,5,26,23.3,25.7,20.8,21.1,23.9,18.2,23.3,25.7,20.8
Republic of Korea,2016,4,2,5,4,2,4,5,26,23.3,40.5,6,21.9,38.1,5.7,23.3,40.5,6
Slovenia,2014,4,1,4,3,4,5,2,23,23.3,25.5,21,21.5,23.8,19.1,23.3,25.5,21
Sri Lanka,2016,3,4,4,5,4,4,2,26,23.3,43.6,3.1,10.7,21.1,0.2,14.1,27.8,0.3
Denmark,2012,4,2,5,4,4,5,1,25,23.4,24.2,22.6,21.2,21.2,21.3,23.4,24.2,22.6
Finland,2010,3,2,4,3,4,5,5,26,23.4,26.1,20.6,20.6,23.3,17.9,23.4,26.1,20.6
Italy,2018,4,1,4,5,4,5,5,28,23.4,27.1,19.6,22.8,26.2,19.4,23.4,27.1,19.6
Netherlands,2018,4,2,5,5,4,4,4,28,23.4,25.6,21.3,20.1,21.8,18.4,23.4,25.6,21.3
Slovenia,2012,4,1,4,3,4,5,1,22,23.5,25.8,21.3,21.8,24.1,19.5,23.5,25.8,21.3
Yemen,2012,2,2,3,4,4,4,2,21,23.5,35.7,11.3,13.7,22.5,4.8,18.9,29.4,8.4
Argentina,2016,4,5,4,5,4,5,4,31,23.6,30.2,17,20.5,25.9,15.1,22.7,28.5,16.8
Cambodia,2016,4,5,3,5,4,3,5,29,23.6,40.1,7.2,17.1,32.1,2.1,18.3,34.3,2.3
Iraq,2012,3,2,3,2,4,2,2,18,23.6,42.5,4.7,15,27.9,2.1,19.8,35.8,3.7
Ireland,2018,4,5,5,5,4,5,5,33,23.6,26.1,21.2,21.1,23.1,19.1,23.6,26.1,21.2
Italy,2016,4,1,4,5,4,5,5,28,23.6,27.6,19.7,23.1,26.8,19.3,23.6,27.6,19.7
Kuwait,2010,4,2,4,2,4,3,4,23,23.6,42.6,4.5,15.4,28.9,1.9,20,36.7,3.4
Sri Lanka,2014,3,4,3,5,4,4,2,25,23.6,43.8,3.5,10.9,21.5,0.2,14.3,28.1,0.4
Thailand,2016,4,5,4,5,4,4,5,31,23.6,43.9,3.3,19.6,37.5,1.7,20.9,39.9,1.8
Botswana,2018,2,2,4,2,4,3,3,20,23.7,37.3,10.1,14.5,26.3,2.8,18.9,33.3,4.5
Palau,2018,4,4,4,2,4,4,4,26,23.7,36.3,11.2,14.9,22.7,7.2,18.6,28.5,8.7
Seychelles,2007,3,2,3,2,2,1,1,12,23.7,39.5,7.9,20,34.1,5.9,23.3,38.8,7.9
United Kingdom of Great Britain and Northern Ireland,2012,4,5,4,4,4,5,5,31,23.7,25.4,22,20.7,22.3,19.1,23.7,25.4,22
Malaysia,2012,4,2,4,5,4,4,5,28,23.8,46.1,1.5,20.2,39.4,1.1,23.8,46.1,1.5
Slovenia,2010,4,1,4,3,4,5,2,23,23.8,25.9,21.6,22,24.2,19.8,23.8,25.9,21.6
Japan,2014,4,2,4,3,2,4,2,21,23.9,36.5,11.3,23.1,35.2,10.9,23.9,36.5,11.3
Italy,2014,4,1,4,3,4,5,4,25,24,28.2,19.7,23.3,27.2,19.4,24,28.2,19.7
Luxembourg,2012,4,2,4,3,4,4,5,26,24,26.8,21.3,21.9,25.1,18.7,24,26.8,21.3
Sierra Leone,2012,2,2,2,2,2,2,2,14,24,36,12,19,32.9,5,24,36,12
Sri Lanka,2012,2,4,3,5,4,4,2,24,24.1,44.3,4,11,21.8,0.3,14.6,28.6,0.5
Vanuatu,2018,2,2,3,5,5,4,2,23,24.1,45,3.3,16.4,30.4,2.4,20.1,37.2,2.9
Azerbaijan,2007,1,3,2,2,4,1,1,12,24.2,48.1,0.3,19.3,38.5,0.2,24.2,48.1,0.3
Iraq,2010,2,2,3,2,4,2,2,17,24.2,43.1,5.2,15.4,28.2,2.5,20.3,36.3,4.2
Botswana,2016,2,2,3,2,4,3,2,18,24.3,37.3,11.3,14.4,25.8,3,19,33.1,4.9
Italy,2012,4,1,4,3,4,5,3,24,24.3,28.8,19.8,23.6,28,19.3,24.3,28.8,19.8
Netherlands,2016,4,2,5,5,4,4,5,29,24.3,26.5,22.1,20.8,22.4,19.1,24.3,26.5,22.1
Philippines,2018,4,3,4,5,4,4,4,28,24.3,41.6,7,21.9,37.7,6.1,24.3,41.6,7
Slovenia,2007,4,1,4,3,4,1,1,16,24.3,26.4,22.2,22.4,24.5,20.2,24.3,26.4,22.2
Comoros,2012,3,2,2,2,2,4,1,16,24.4,33.6,15.3,11.7,20.3,3.1,15.3,24.6,6
Kazakhstan,2018,4,3,4,5,4,4,1,25,24.4,42.2,6.6,22.7,39.2,6.1,24.4,42.2,6.6
Kuwait,2007,4,2,4,2,4,1,1,16,24.4,43.6,5.1,15.7,29,2.3,20.5,37,4
Republic of Korea,2014,4,2,5,3,2,4,5,25,24.4,42.7,6.1,23.1,40.3,5.8,24.4,42.7,6.1
Malaysia,2010,3,2,4,5,4,4,5,27,24.5,47.2,1.7,20.9,40.5,1.2,24.5,47.2,1.7
Thailand,2014,4,5,4,5,4,4,5,31,24.5,45.5,3.6,20.2,38.6,1.8,21.5,41,1.9
Yemen,2010,2,2,3,3,4,4,3,21,24.5,36.9,12.2,14.4,23.4,5.4,19.9,30.4,9.5
Ireland,2016,4,5,5,5,4,5,5,33,24.6,26.8,22.5,22.1,23.9,20.2,24.6,26.8,22.5
Sri Lanka,2010,4,4,3,2,4,4,4,25,24.6,44.7,4.6,11.2,22.1,0.4,14.8,28.9,0.6
Canada,2010,4,5,5,4,4,4,2,28,24.7,30.9,18.5,17.6,19.9,15.3,18.2,20.6,15.8
China,2018,3,2,4,3,4,4,4,24,24.7,47.7,1.8,22.6,43.7,1.6,24.7,47.7,1.8
Italy,2010,4,1,4,3,4,5,4,25,24.7,29.6,19.8,23.9,28.4,19.4,24.7,29.6,19.8
Palau,2016,4,4,4,2,4,4,1,23,24.7,37.5,11.8,15.4,23.3,7.6,19.2,29.2,9.1
Republic of Moldova,2007,2,3,3,3,4,1,1,15,24.7,43.8,5.6,22.1,39.3,5,24.7,43.8,5.6
Uruguay,2014,4,5,4,5,5,4,4,31,24.7,28.5,20.9,22.2,25.9,18.6,24.7,28.5,20.9
Republic of Moldova,2010,3,3,3,3,4,3,3,22,24.8,44,5.7,22.4,39.6,5.1,24.8,44,5.7
Vanuatu,2016,3,2,3,5,5,4,2,24,24.8,46.2,3.4,16.9,31.2,2.5,20.6,38.2,3
Botswana,2014,2,2,3,2,4,4,2,19,24.9,37.3,12.5,14.5,25.7,3.2,19,32.8,5.3
Luxembourg,2010,4,2,4,3,4,4,1,22,24.9,27.9,21.9,22.7,26.2,19.1,24.9,27.9,21.9
Belgium,2018,4,1,4,5,4,5,2,25,25,26.9,23.1,23.4,25.1,21.7,25,26.9,23.1
Brazil,2007,2,2,5,5,4,1,1,18,25,31.9,18,17,21.3,12.6,19.2,23.9,14.5
Finland,2007,3,2,4,3,4,1,1,16,25,28.4,21.5,22,25.2,18.7,25,28.4,21.5
Republic of Moldova,2014,4,3,4,3,4,4,5,27,25,44.2,5.8,22.6,40,5.2,25,44.2,5.8
Republic of Moldova,2012,3,3,3,3,4,3,2,21,25,44.2,5.8,22.4,39.6,5.1,25,44.2,5.8
Bahrain,2018,2,2,4,4,5,4,3,24,25.1,41.5,8.6,13.8,26.7,1,18.8,33.9,3.8
China,2016,3,2,4,3,4,4,5,25,25.1,48.3,1.9,23.2,44.6,1.7,25.1,48.3,1.9
Italy,2007,4,1,4,3,4,1,1,16,25.1,30.4,19.9,24.5,29.4,19.5,25.1,30.4,19.9
Japan,2012,4,2,4,3,2,4,2,21,25.1,38.6,11.7,24.2,37.1,11.3,25.1,38.6,11.7
Lesotho,2007,2,2,3,2,2,1,1,11,25.1,42.5,7.7,16.3,32.3,0.3,20.8,41.1,0.5
Malta,2018,4,5,4,5,4,5,1,28,25.1,27.8,22.5,22.4,25.6,19.3,25.1,27.8,22.5
Netherlands,2014,4,2,5,3,4,4,5,27,25.1,27.4,22.7,21.5,23.3,19.7,25.1,27.4,22.7
Pakistan,2012,3,5,3,4,2,4,2,23,25.1,40.4,9.8,16,28.8,3.2,21,37.7,4.3
Philippines,2016,4,3,4,5,4,4,5,29,25.1,42.7,7.6,22.8,39,6.6,25.1,42.7,7.6
Republic of Moldova,2016,4,3,4,5,5,4,5,30,25.1,44.3,5.9,22.7,40.1,5.3,25.1,44.3,5.9
Switzerland,2018,4,2,4,4,2,4,5,25,25.1,27.8,22.5,22.1,24.1,20.1,25.1,27.8,22.5
United States of America,2018,4,2,5,4,2,3,5,25,25.1,30.9,19.3,17.1,19.1,15.1,20,23.2,16.7
Iraq,2007,2,2,3,2,4,1,1,13,25.2,44.4,6,15.9,28.8,3.1,21.2,37.1,5.3
Bahrain,2016,2,2,4,4,5,2,3,22,25.3,41.7,8.9,13.9,26.7,1.1,19,33.9,4.1
Denmark,2010,4,2,4,3,4,4,5,26,25.3,26.4,24.1,23,23.3,22.7,25.3,26.4,24.1
Kazakhstan,2016,4,3,4,5,4,3,4,27,25.3,43.7,7,23.4,40.5,6.4,25.3,43.7,7
Republic of Moldova,2018,4,3,4,5,5,4,5,30,25.3,44.6,6,22.7,40.1,5.3,25.3,44.6,6
Switzerland,2016,4,2,4,4,2,4,5,25,25.4,28.3,22.6,22.4,24.6,20.2,25.4,28.3,22.6
Thailand,2012,4,5,4,5,4,4,4,30,25.4,47.1,3.8,20.6,39.3,1.9,22.1,42.1,2.1
United Kingdom of Great Britain and Northern Ireland,2010,4,5,4,4,4,5,5,31,25.4,27,23.9,22.2,23.7,20.8,25.4,27,23.9
Bahrain,2014,1,2,4,4,5,2,2,20,25.5,41.9,9.2,14,26.7,1.2,19.3,34.1,4.6
Belgium,2016,4,1,4,5,4,5,4,27,25.5,27.6,23.3,23.8,25.8,21.9,25.5,27.6,23.3
China,2014,3,2,4,3,4,4,5,25,25.5,49,2,23.4,45,1.8,25.5,49,2
Israel,2018,3,3,4,3,2,5,2,22,25.5,35.2,15.8,21.7,28.9,14.5,25.5,35.2,15.8
Romania,2018,4,5,4,5,4,4,2,28,25.5,35.2,15.8,22.8,31.4,14.3,25.5,35.2,15.8
Sri Lanka,2007,4,4,3,2,4,1,1,17,25.5,45.5,5.5,11.6,22.7,0.5,15.3,29.8,0.8
Ukraine,2018,4,4,3,5,4,4,3,27,25.5,41,9.9,24.3,38.9,9.7,25.5,41,9.9
Argentina,2014,4,5,4,5,4,4,4,30,25.6,32.3,18.9,21.9,27.3,16.6,24.2,29.9,18.4
Botswana,2012,3,2,3,2,4,3,1,18,25.6,37.3,14,14.5,25.4,3.5,19.1,32.5,5.8
Vanuatu,2014,3,2,3,5,5,4,2,24,25.6,47.5,3.6,17.2,31.9,2.6,21,39,3.1
Bahrain,2012,2,2,4,4,5,2,5,24,25.7,42,9.5,14.1,26.9,1.4,19.6,34.2,5.1
Malaysia,2007,3,2,4,2,4,1,1,15,25.7,49.4,2,21.8,42.1,1.5,25.7,49.4,2
Palau,2014,4,4,4,2,4,4,5,27,25.7,38.9,12.5,15.9,23.9,8,19.7,29.7,9.6
Republic of Korea,2012,3,2,5,3,2,4,5,24,25.7,45.2,6.2,24.3,42.6,5.9,25.7,45.2,6.2
Sierra Leone,2010,2,2,2,2,2,2,2,14,25.7,38,13.5,19.9,34.2,5.5,25.7,38,13.5
United States of America,2016,4,2,5,4,2,3,5,25,25.7,31.5,19.9,17.9,20,15.7,20.8,24.2,17.4
Cambodia,2014,4,4,3,3,4,2,2,22,25.8,43.4,8.2,18.4,34.3,2.5,19.5,36.3,2.7
Belgium,2014,4,1,4,4,4,5,2,24,25.9,28.3,23.5,24.2,26.4,22.1,25.9,28.3,23.5
Ireland,2014,4,5,5,4,4,5,5,32,25.9,27.8,24,23,24.5,21.5,25.9,27.8,24
Malta,2016,4,5,5,5,4,5,1,29,25.9,28.9,22.8,23.1,26.6,19.7,25.9,28.9,22.8
Switzerland,2014,4,2,4,4,2,4,2,22,25.9,29,22.8,22.7,25.1,20.3,25.9,29,22.8
Bahrain,2010,2,2,5,2,4,3,4,22,26,42.2,9.9,14.3,27.1,1.5,20,34.4,5.6
Israel,2016,3,3,5,3,2,5,2,23,26,35.6,16.4,22.3,29.5,15.1,26,35.6,16.4
Lesotho,2010,2,2,4,2,2,3,2,17,26,45.3,6.6,17.9,35.6,0.2,23,45.5,0.5
Poland,2018,4,3,4,5,4,5,2,27,26,30.3,21.6,24.3,28.3,20.2,26,30.3,21.6
Tunisia,2018,3,2,4,3,4,4,3,23,26,49.1,2.9,17.9,34.7,1,22.4,42.8,2
China,2012,3,2,3,3,4,3,5,23,26.1,50,2.1,24,46,2,26.1,50,2.1
Netherlands,2012,4,2,4,3,4,4,2,23,26.1,28.4,23.7,22.3,24,20.5,26.1,28.4,23.7
Portugal,2007,4,3,4,3,4,1,1,18,26.1,34.6,17.5,23.1,30.2,16,26.1,34.6,17.5
Kazakhstan,2014,4,3,4,5,4,3,5,28,26.2,45,7.4,24.3,41.8,6.7,26.2,45,7.4
Luxembourg,2007,4,2,2,3,4,1,1,15,26.2,29.7,22.7,23.9,27.9,19.9,26.2,29.7,22.7
Philippines,2014,4,3,4,5,4,4,2,26,26.2,44.3,8.1,23.8,40.5,7.1,26.2,44.3,8.1
Switzerland,2012,4,2,4,4,2,4,5,25,26.2,29.5,23,23,25.6,20.4,26.2,29.5,23
Vanuatu,2012,3,2,3,3,5,4,2,22,26.2,48.7,3.7,17.7,32.7,2.7,21.7,40.3,3.2
Yemen,2007,3,2,3,3,4,1,1,15,26.2,38.9,13.5,15.6,24.6,6.5,21.7,31.9,11.5
Botswana,2010,3,2,3,2,4,4,4,22,26.4,37.3,15.5,14.6,25.3,3.8,19.2,32.1,6.3
Japan,2010,4,2,4,3,2,4,2,21,26.4,40.6,12.2,25.4,39.1,11.7,26.4,40.6,12.2
Portugal,2010,4,3,4,3,4,5,2,25,26.4,34.1,18.7,23.5,30,17,26.4,34.1,18.7
United States of America,2014,4,2,5,4,2,3,5,25,26.4,32.3,20.6,18.5,20.7,16.3,21.7,25.2,18.1
Uruguay,2012,4,5,5,5,4,4,5,32,26.4,30.4,22.4,23.6,27.5,19.8,26.4,30.4,22.4
Bahrain,2007,3,2,5,2,2,1,1,14,26.5,42.5,10.4,14.6,27.5,1.7,20.7,34.8,6.5
Belgium,2012,4,1,4,4,4,5,2,24,26.5,29.2,23.9,24.7,27.1,22.2,26.5,29.2,23.9
Thailand,2010,4,5,4,5,4,4,4,30,26.5,49,4.1,21.3,40.5,2.1,22.7,43.2,2.2
Belarus,2018,3,2,4,5,4,4,5,27,26.6,42.8,10.4,24.8,39.9,9.7,26.6,42.8,10.4
China,2010,3,2,3,3,4,3,2,20,26.6,50.9,2.3,24.4,46.7,2.1,26.6,50.9,2.3
Comoros,2010,2,2,2,2,4,4,2,18,26.6,34.8,18.3,12.3,21.1,3.5,16.1,25.4,6.7
Cook Islands,2018,4,4,4,4,4,4,2,26,26.6,31.3,21.8,21.3,25.1,17.5,26.6,31.3,21.8
Israel,2014,3,2,5,3,2,5,1,21,26.6,36.1,17.1,22.7,29.5,15.8,26.6,36.1,17.1
Palau,2012,4,4,4,2,4,4,5,27,26.6,40.1,13.1,16.4,24.4,8.4,20.4,30.6,10.1
Switzerland,2010,4,2,4,4,2,4,5,25,26.6,30.1,23.1,23.3,26,20.5,26.6,30.1,23.1
Ukraine,2016,4,4,3,5,4,5,2,27,26.6,42.9,10.4,25.4,40.7,10,26.6,42.9,10.4
Armenia,2018,4,3,4,5,2,3,1,22,26.7,51.8,1.6,25,48.6,1.4,26.7,51.8,1.6
Fiji,2018,2,3,4,5,4,3,5,26,26.7,42.3,11.1,21.7,34.6,8.8,26.7,42.3,11.1
Lesotho,2012,3,2,4,2,2,3,2,18,26.8,47.6,6,19.1,37.9,0.2,24.5,48.6,0.4
Malta,2014,4,5,5,4,4,4,2,28,26.8,30.4,23.1,23.8,27.9,19.8,26.8,30.4,23.1
Portugal,2012,4,3,4,3,4,5,2,25,26.8,34,19.6,23.8,29.8,17.9,26.8,34,19.6
Romania,2016,4,5,4,5,4,4,4,30,26.8,36.7,17,24.1,32.7,15.5,26.8,36.7,17
Ireland,2012,4,5,5,4,4,5,1,28,26.9,28.5,25.4,24.1,25.3,22.8,26.9,28.5,25.4
Mauritius,2018,3,4,4,5,5,5,2,28,26.9,48.3,5.4,19.6,35.9,3.2,21.8,39.9,3.7
Republic of Korea,2010,3,2,5,3,2,4,1,20,26.9,47.4,6.3,25.5,45,6,26.9,47.4,6.3
Belgium,2010,4,1,4,4,4,5,2,24,27,30,24,25.2,27.9,22.6,27,30,24
India,2018,2,4,5,5,4,4,4,28,27,42,12.1,6.3,12.1,0.4,11.8,22.2,1.4
Kazakhstan,2012,4,3,4,3,4,3,2,23,27,46.3,7.7,25,42.9,7.1,27,46.3,7.7
Netherlands,2010,4,2,4,3,4,4,5,26,27,29.4,24.7,23.1,25,21.3,27,29.4,24.7
Cuba,2018,2,3,4,3,2,4,1,19,27.1,39.7,14.5,19.4,28.7,10,27.1,39.7,14.5
Fiji,2016,3,3,4,5,4,3,5,27,27.1,42.9,11.4,22.1,35.1,9.1,27.1,42.9,11.4
Lithuania,2018,4,3,4,5,4,4,2,26,27.1,35.3,19,24.7,32.2,17.1,27.1,35.3,19
Pakistan,2010,2,5,3,4,2,4,2,22,27.1,42.9,11.4,16.2,28.8,3.6,21.3,37.7,4.9
Portugal,2014,4,3,4,3,4,4,5,27,27.1,33.6,20.5,24.2,29.7,18.7,27.1,33.6,20.5
Switzerland,2007,4,2,4,4,2,1,1,16,27.1,30.9,23.4,23.8,26.8,20.8,27.1,30.9,23.4
Tunisia,2016,2,2,4,3,4,4,4,23,27.1,51.1,3.1,18.7,36.3,1.1,23.5,44.8,2.2
Israel,2012,2,2,5,3,2,5,2,21,27.2,36.4,17.9,23.2,30,16.5,27.2,36.4,17.9
United States of America,2012,3,2,5,4,2,3,5,24,27.2,33.2,21.2,19.5,21.8,17.2,22.6,26.3,18.9
Vanuatu,2010,2,2,3,3,5,4,1,20,27.2,50.5,3.9,18.2,33.6,2.8,22.3,41.1,3.4
China,2007,2,2,3,2,4,1,1,13,27.3,52.2,2.5,25,47.8,2.3,27.3,52.2,2.5
Philippines,2012,4,3,4,2,4,3,2,22,27.4,46,8.7,24.8,42,7.6,27.4,46,8.7
Poland,2016,4,3,4,5,4,5,4,29,27.4,32,22.8,25.4,29.6,21.3,27.4,32,22.8
Armenia,2016,4,3,4,5,2,3,1,22,27.5,53.5,1.6,25.8,50.2,1.5,27.5,53.5,1.6
Belarus,2016,3,2,4,5,4,3,1,22,27.5,44.4,10.6,25.7,41.4,10,27.5,44.4,10.6
Portugal,2016,4,4,4,5,4,4,5,30,27.5,33.6,21.3,24.5,29.5,19.5,27.5,33.6,21.3
Mauritius,2016,3,4,4,5,5,4,5,30,27.6,49.1,6,19.9,36.5,3.3,22.1,40.4,3.8
Mongolia,2018,4,3,4,5,5,3,1,25,27.6,49.1,6.2,20.5,36.8,4.3,25.2,45.3,5.1
Botswana,2007,3,2,3,2,4,1,1,14,27.7,37.2,18.3,14.6,24.9,4.4,19.5,31.8,7.1
Fiji,2014,3,3,4,5,4,3,4,26,27.7,43.7,11.7,22.6,35.8,9.4,27.7,43.7,11.7
Lesotho,2014,2,2,4,2,2,3,2,17,27.7,49.8,5.5,20.5,40.7,0.2,26.3,52.2,0.4
Palau,2010,3,2,4,2,2,4,2,19,27.7,41.5,13.9,17,25.2,8.9,21.1,31.6,10.7
Argentina,2012,4,5,4,5,4,4,2,28,27.8,34.7,20.8,23.6,28.8,18.4,26,31.6,20.4
Belgium,2007,4,3,5,4,4,1,1,20,27.8,31.3,24.3,26,29.2,22.8,27.8,31.3,24.3
Israel,2010,4,2,5,3,2,4,4,24,27.8,36.8,18.7,23.7,30.2,17.2,27.8,36.8,18.7
Malta,2012,4,5,4,4,4,5,3,29,27.8,32,23.6,24.7,29.2,20.2,27.8,32,23.6
Kazakhstan,2010,4,3,4,3,4,3,5,26,27.9,47.8,8.1,25.9,44.5,7.4,27.9,47.8,8.1
Kyrgyzstan,2018,3,3,4,5,4,3,2,24,27.9,52.5,3.4,23.3,43.7,2.9,26.6,49.7,3.4
Portugal,2018,4,4,4,5,4,4,3,28,27.9,33.3,22.4,24.8,29.2,20.5,27.9,33.3,22.4
Spain,2018,4,5,4,5,5,5,2,30,27.9,29.1,26.7,25.9,27.2,24.6,27.9,29.1,26.7
United States of America,2010,3,2,5,4,2,3,2,21,27.9,33.9,21.8,20.3,22.5,18,23.6,27.2,19.9
Cook Islands,2016,4,4,4,4,4,4,2,26,28,32.8,23.1,22.4,26.2,18.6,28,32.8,23.1
Germany,2018,4,2,4,5,4,4,5,28,28,29.9,26,26,27.7,24.3,28,29.9,26
Lithuania,2016,4,3,4,5,4,5,2,27,28,37,19.1,25.4,33.5,17.3,28,37,19.1
Ukraine,2014,4,4,3,5,4,5,2,27,28,45.1,11,26.6,42.7,10.5,28,45.1,11
Cambodia,2012,3,2,3,3,4,2,5,22,28.1,46.9,9.4,19.6,36.3,2.9,20.9,38.7,3.2
Canada,2007,4,5,3,4,2,1,1,18,28.1,34.7,21.6,20,22.1,17.9,20.7,23,18.4
Thailand,2007,3,2,4,5,4,1,1,18,28.1,51.6,4.5,22.2,42.2,2.3,23.7,44.9,2.5
Ireland,2010,4,5,5,3,4,5,5,31,28.2,29.4,26.9,25.1,26.2,24.1,28.2,29.4,26.9
Kyrgyzstan,2016,3,3,4,5,4,3,1,23,28.2,52.9,3.5,23.4,43.8,3,26.6,49.8,3.5
Mauritius,2014,4,4,4,5,5,4,4,30,28.2,49.9,6.6,20.1,36.9,3.4,22.3,40.8,3.9
Armenia,2014,4,3,4,4,2,3,4,24,28.3,54.8,1.7,26.6,51.6,1.6,28.3,54.8,1.7
Japan,2007,4,2,4,3,2,1,1,15,28.3,43.7,12.9,27.2,42.1,12.3,28.3,43.7,12.9
Romania,2014,4,2,4,4,4,5,2,25,28.3,38.2,18.3,25.4,34,16.7,28.3,38.2,18.3
Russian Federation,2018,4,5,4,5,5,4,2,29,28.3,40.9,15.7,27.7,40.1,15.4,28.3,40.9,15.7
Uruguay,2010,4,5,5,5,4,4,4,31,28.3,32.5,24,25.2,29.3,21.1,28.3,32.5,24
Vanuatu,2007,2,2,2,2,2,1,1,10,28.3,52.3,4.2,19,35.1,3,23.3,43,3.6
Mongolia,2016,4,3,4,5,5,4,2,27,28.4,50.2,6.6,21.1,37.8,4.5,25.8,46.3,5.4
Netherlands,2007,4,2,3,3,4,1,1,16,28.4,30.9,26,24.3,26.2,22.5,28.4,30.9,26
Denmark,2007,4,2,4,3,4,1,1,17,28.5,30.5,26.5,25.8,26.7,24.9,28.5,30.5,26.5
Fiji,2012,3,3,4,3,4,3,3,23,28.5,44.8,12.1,23.1,36.5,9.7,28.5,44.8,12.1
Cuba,2016,1,3,4,3,2,4,1,18,28.6,41.3,15.8,20.6,30.1,11,28.6,41.3,15.8
Germany,2016,4,2,4,5,4,4,4,27,28.6,30.8,26.4,26.5,28.5,24.6,28.6,30.8,26.4
Kyrgyzstan,2014,3,3,4,5,4,3,2,24,28.6,53.5,3.7,23.6,44,3.1,26.9,50.2,3.7
Malta,2010,4,5,4,4,4,5,4,30,28.6,33.4,23.8,25.5,30.6,20.4,28.6,33.4,23.8
Philippines,2010,4,3,4,2,4,3,5,25,28.6,47.8,9.3,25.9,43.6,8.1,28.6,47.8,9.3
Poland,2014,4,3,4,3,4,5,2,25,28.6,33.2,24,26.7,31,22.5,28.6,33.2,24
Sierra Leone,2007,1,2,2,2,2,1,1,9,28.6,41.1,16.1,21.5,36.6,6.4,28.6,41.1,16.1
Tunisia,2014,2,2,4,3,4,4,5,24,28.6,53.9,3.4,19.5,37.8,1.2,24.5,46.5,2.4
Belarus,2014,2,2,4,4,4,4,5,25,28.7,46.5,10.8,26.7,43.3,10.1,28.7,46.5,10.8
Israel,2007,4,2,4,3,2,1,1,15,28.7,37.5,19.9,24.6,30.9,18.3,28.7,37.5,19.9
Lesotho,2016,2,2,4,2,2,1,1,14,28.7,52.3,5,21.9,43.7,0.2,28,55.6,0.4
Russian Federation,2016,4,5,4,5,5,4,4,31,28.7,42.2,15.2,28.3,41.5,15.1,28.7,42.2,15.2
India,2016,1,4,5,5,4,4,4,27,28.8,43.9,13.7,6.4,12.2,0.5,12.1,22.4,1.7
Spain,2016,4,5,4,4,5,5,2,29,28.8,30.6,27.1,26.7,28.6,24.9,28.8,30.6,27.1
Sweden,2018,4,2,5,5,4,4,2,26,28.8,28.2,29.3,12.4,10.6,14.2,16.9,17,16.9
Madagascar,2018,3,5,3,5,5,5,2,28,28.9,46.9,11,14.7,28.5,1,20.6,39.5,1.7
Samoa,2018,3,4,4,5,4,3,3,26,28.9,40.8,16.9,23.1,32.3,13.9,28.9,40.8,16.9
Fiji,2010,2,3,2,3,4,1,2,17,29,45.4,12.5,23.5,37,10,29,45.4,12.5
Kyrgyzstan,2012,4,3,4,4,4,3,1,23,29,54.1,3.8,23.8,44.2,3.3,27,50.1,3.8
Lithuania,2014,4,3,4,3,4,5,2,25,29,38.6,19.3,26.2,34.9,17.6,29,38.6,19.3
Armenia,2012,4,3,4,3,2,3,1,20,29.1,56.4,1.8,27.3,52.9,1.7,29.1,56.4,1.8
Austria,2018,4,2,4,5,4,5,5,29,29.1,30.4,27.7,27,28.6,25.4,29.1,30.4,27.7
Germany,2014,4,2,4,3,4,4,4,25,29.1,31.5,26.8,27.1,29.1,25,29.1,31.5,26.8
Mauritius,2012,4,4,4,5,5,4,5,31,29.1,50.9,7.3,20.5,37.6,3.4,22.8,41.6,4
Republic of Korea,2007,3,2,5,3,2,1,1,15,29.1,51.7,6.5,27.5,48.9,6.2,29.1,51.7,6.5
United States of America,2007,3,2,3,2,2,1,1,12,29.1,35.3,23,21.5,23.8,19.2,25.1,28.9,21.2
Albania,2018,2,5,4,4,5,4,2,26,29.2,50.5,7.9,24.2,43.3,5,29.2,50.5,7.9
Russian Federation,2014,4,5,4,5,5,3,5,31,29.3,43.7,15,28.9,43,14.8,29.3,43.7,15
Turkey,2018,4,5,5,5,5,5,5,34,29.3,41.5,17,27.2,38.3,16,29.3,41.5,17
Ukraine,2012,4,4,3,5,4,4,2,26,29.3,47.1,11.5,27.8,44.6,11,29.3,47.1,11.5
Kazakhstan,2007,4,3,4,3,4,1,1,18,29.4,50.1,8.8,27.5,46.8,8.1,29.4,50.1,8.8
Kyrgyzstan,2010,4,3,3,4,4,3,2,23,29.4,54.9,4,23.8,44.1,3.4,27.2,50.3,4
Cook Islands,2014,4,4,4,4,4,4,2,26,29.5,34.3,24.6,23.6,27.5,19.7,29.5,34.3,24.6
Palau,2007,2,2,4,2,2,1,1,12,29.5,43.8,15.1,17.9,26.3,9.6,22.2,32.8,11.5
Mongolia,2014,4,5,4,5,5,4,5,32,29.6,52,7.1,21.7,38.8,4.7,26.7,47.7,5.7
Spain,2014,4,5,4,4,5,5,2,29,29.6,32,27.2,27.8,30.2,25.3,29.6,32,27.2
Albania,2016,2,5,4,4,5,4,3,27,29.7,51.1,8.2,24.5,43.7,5.2,29.7,51.1,8.2
Belarus,2012,2,2,4,3,4,3,5,23,29.7,48.4,11,27.6,45,10.3,29.7,48.4,11
Georgia,2018,4,4,4,5,4,4,5,30,29.7,54.2,5.2,27,49.3,4.8,29.7,54.2,5.2
Germany,2012,4,2,4,3,4,4,4,25,29.7,32.3,27.2,27.7,29.9,25.4,29.7,32.3,27.2
Lesotho,2018,1,2,4,2,2,4,4,19,29.7,54.7,4.6,23.5,46.9,0.2,30,59.7,0.3
Lithuania,2012,4,3,4,3,4,5,2,25,29.8,39.9,19.6,27,36.2,17.8,29.8,39.9,19.6
Romania,2012,4,2,5,4,4,4,2,25,29.8,39.8,19.8,26.8,35.6,18,29.8,39.8,19.8
Turkey,2016,4,5,5,5,5,5,5,34,29.8,42.7,16.8,27.7,39.6,15.9,29.8,42.7,16.8
Fiji,2007,4,2,2,2,4,1,1,14,29.9,46.8,13.1,24.4,38.3,10.5,29.9,46.8,13.1
Russian Federation,2012,4,2,3,3,2,3,5,22,29.9,45.1,14.7,29.4,44.4,14.4,29.9,45.1,14.7
Samoa,2016,2,4,4,5,4,4,1,24,29.9,42.2,17.5,24.1,33.7,14.5,29.9,42.2,17.5
Tunisia,2012,2,2,4,2,4,5,5,24,29.9,56.1,3.7,20.4,39.4,1.4,25.6,48.6,2.7
Armenia,2010,4,3,3,3,2,2,2,19,30,58.2,1.9,28.2,54.6,1.8,30,58.2,1.9
Madagascar,2016,2,5,3,5,5,5,2,27,30,47.8,12.3,15.1,29.1,1.1,21,40.2,1.8
Albania,2014,2,5,4,4,5,4,2,26,30.1,51.7,8.5,24.8,44.3,5.4,30.1,51.7,8.5
Argentina,2010,4,2,4,2,2,4,4,22,30.1,37.2,22.9,25.3,30.6,20.1,28,33.5,22.4
Georgia,2016,4,3,4,3,2,4,4,24,30.1,55,5.3,27.4,49.9,4.9,30.1,55,5.3
Kyrgyzstan,2007,4,3,3,3,2,1,1,15,30.1,55.8,4.3,24,44.4,3.7,27.4,50.5,4.3
Malta,2007,4,3,4,3,4,1,1,18,30.1,35.7,24.4,26.9,32.9,20.9,30.1,35.7,24.4
Mauritius,2010,4,4,4,5,5,4,2,28,30.1,52.2,8,20.8,38.2,3.5,23.1,42.1,4.1
Poland,2012,4,3,4,3,4,5,4,27,30.1,35,25.3,28,32.4,23.6,30.1,35,25.3
Ireland,2007,4,5,5,3,4,1,1,21,30.2,30.9,29.4,26.9,27.3,26.5,30.2,30.9,29.4
Tonga,2018,3,4,4,4,4,4,5,28,30.2,48.4,12.1,24.3,38.8,9.8,30.2,48.4,12.1
Germany,2010,4,2,4,3,4,4,5,26,30.3,33.1,27.5,28.1,30.6,25.7,30.3,33.1,27.5
United Kingdom of Great Britain and Northern Ireland,2007,4,5,4,4,4,1,1,21,30.3,29.5,31,26.6,26.1,27.1,30.3,29.5,31
Comoros,2007,3,2,2,2,2,1,1,11,30.4,37,23.8,13.1,22,4.2,17.3,26.5,8.1
Cuba,2014,3,3,4,3,2,4,5,24,30.4,43.5,17.3,21.8,31.5,12.1,30.4,43.5,17.3
Tonga,2016,2,4,4,4,4,4,5,27,30.4,48.4,12.3,24.5,38.9,10,30.4,48.4,12.3
Turkey,2014,4,5,5,5,5,5,5,34,30.4,44.2,16.6,28.3,40.7,15.8,30.4,44.2,16.6
Albania,2012,3,5,4,4,5,4,2,27,30.5,52.3,8.8,25.2,44.9,5.6,30.5,52.3,8.8
Estonia,2018,4,2,4,5,4,5,5,29,30.5,36.9,24.1,27.5,33.7,21.2,30.5,36.9,24.1
Philippines,2007,4,3,4,2,2,1,1,15,30.5,50.6,10.4,27.5,46,9,30.5,50.6,10.4
Cambodia,2010,3,2,3,3,2,2,4,19,30.6,50.5,10.7,21,38.5,3.4,22.3,41,3.7
Georgia,2014,4,3,4,3,2,3,2,21,30.6,55.9,5.4,27.8,50.7,5,30.6,55.9,5.4
Hungary,2018,4,4,4,5,4,4,2,27,30.6,34.8,26.4,28.5,32.4,24.7,30.6,34.8,26.4
India,2014,3,4,4,2,4,3,5,25,30.6,45.7,15.5,6.5,12.4,0.7,12.4,22.7,2.1
Russian Federation,2010,4,2,3,3,2,3,5,22,30.6,46.8,14.3,30.1,46,14.1,30.6,46.8,14.3
Spain,2012,4,5,4,4,5,5,2,29,30.6,33.6,27.6,28.5,31.6,25.5,30.6,33.6,27.6
Austria,2016,4,2,4,5,4,5,5,29,30.7,32.3,29.1,28.5,30.4,26.7,30.7,32.3,29.1
Mongolia,2012,4,5,4,5,5,3,2,28,30.7,53.7,7.7,22.3,39.7,5,27.3,48.6,6
Pakistan,2007,2,4,3,3,2,1,1,14,30.7,47.2,14.2,16.6,28.9,4.4,21.8,37.6,6
Tonga,2014,3,4,4,4,4,4,2,25,30.7,48.8,12.6,24.7,39.1,10.2,30.7,48.8,12.6
Ukraine,2010,4,3,3,5,4,4,2,25,30.7,49.3,12.1,29.3,46.9,11.6,30.7,49.3,12.1
Lithuania,2010,4,3,4,3,4,5,2,25,30.8,41.7,19.9,27.9,37.8,18,30.8,41.7,19.9
Sweden,2016,4,2,4,5,4,4,2,25,30.8,30.2,31.5,13.4,11.4,15.4,18.2,18.1,18.3
Georgia,2012,3,3,3,3,2,3,5,22,30.9,56.4,5.5,28.2,51.3,5,30.9,56.4,5.5
Belarus,2010,2,2,4,3,4,3,2,20,31,50.7,11.2,28.7,46.9,10.5,31,50.7,11.2
Samoa,2014,3,4,3,5,4,4,5,28,31,43.9,18.2,25,34.9,15,31,43.9,18.2
Tonga,2012,3,2,4,4,4,4,2,23,31,49.1,12.8,25,39.5,10.4,31,49.1,12.8
Turkey,2012,4,5,5,5,5,5,5,34,31,45.5,16.5,28.8,42,15.6,31,45.5,16.5
Albania,2010,3,5,3,4,5,4,5,29,31.1,53.2,9.1,25.8,45.7,5.8,31.1,53.2,9.1
Cook Islands,2012,4,4,4,4,4,4,2,26,31.1,36,26.2,24.9,28.9,21,31.1,36,26.2
Uruguay,2007,4,5,5,5,2,1,1,21,31.1,35.6,26.5,27.8,32.2,23.4,31.1,35.6,26.5
Germany,2007,4,2,4,3,4,1,1,17,31.2,34.3,28.2,28.9,31.6,26.2,31.2,34.3,28.2
Madagascar,2014,2,5,3,5,5,5,2,27,31.2,48.7,13.7,15.3,29.4,1.2,21.4,40.7,2
Armenia,2007,4,3,3,3,2,1,1,15,31.3,60.5,2.1,29.2,56.5,1.9,31.3,60.5,2.1
Tonga,2010,3,2,3,4,4,4,2,22,31.3,49.5,13.1,25.3,39.9,10.7,31.3,49.5,13.1
Tunisia,2010,4,2,3,2,4,5,4,24,31.3,58.5,4,21.4,41.3,1.5,26.9,50.9,2.9
Hungary,2016,4,4,4,5,4,4,2,27,31.4,35.6,27.2,29.3,33.3,25.3,31.4,35.6,27.2
South Africa,2018,2,2,4,2,4,4,2,20,31.4,46.8,16,16.9,28.2,5.7,20.7,34.3,7.1
Czechia,2018,4,3,5,5,4,5,4,30,31.5,35.6,27.3,26.9,30.7,23.1,31.5,35.6,27.3
Estonia,2016,4,2,5,5,4,5,5,30,31.5,38.6,24.4,28.3,35.3,21.3,31.5,38.6,24.4
Russian Federation,2007,4,2,3,2,2,1,1,13,31.5,49,13.9,30.9,48.2,13.7,31.5,49,13.9
Georgia,2010,3,3,3,3,2,3,4,21,31.6,57.5,5.6,28.7,52.2,5.2,31.6,57.5,5.6
Poland,2010,4,3,4,3,4,5,5,28,31.6,36.5,26.7,29.4,34,24.9,31.6,36.5,26.7
Romania,2010,4,2,5,4,4,5,4,28,31.6,41.8,21.4,28.4,37.4,19.3,31.6,41.8,21.4
Spain,2010,4,5,4,4,5,5,2,29,31.6,35.4,27.8,29.5,33.2,25.7,31.6,35.4,27.8
Mauritius,2007,4,2,4,2,4,1,1,16,31.7,54.1,9.3,21.4,39.1,3.6,23.8,43.5,4.2
Tonga,2007,2,2,2,4,4,1,1,14,31.7,50,13.5,25.7,40.3,11.1,31.7,50,13.5
Turkey,2010,4,5,5,4,4,5,5,32,31.7,47,16.4,29.4,43.4,15.4,31.7,47,16.4
Czechia,2016,4,3,4,5,4,5,2,27,31.9,36.2,27.6,27.1,31.1,23.2,31.9,36.2,27.6
Mongolia,2010,4,2,4,4,4,3,5,26,31.9,55.5,8.3,23,40.8,5.2,28.1,49.8,6.3
Nepal,2018,3,5,4,5,5,3,1,26,31.9,48.6,15.3,18.1,29,7.3,20.5,33,8.1
Slovakia,2010,4,3,4,3,4,5,2,25,31.9,40.5,23.3,26.9,34.6,19.1,31.9,40.5,23.3
Slovakia,2007,4,3,3,3,4,1,1,17,31.9,41.3,22.4,26.8,35.4,18.3,31.9,41.3,22.4
Albania,2007,3,5,2,3,5,1,1,18,32,54.4,9.6,26.5,46.8,6.2,32,54.4,9.6
Slovakia,2012,4,3,4,3,4,5,2,25,32,40.1,23.9,26.8,34,19.6,32,40.1,23.9
South Africa,2016,4,2,4,2,4,3,2,21,32,46.9,17.2,17.2,28.4,6,21,34.6,7.5
Slovakia,2016,4,3,4,5,4,5,2,27,32.1,39,25.2,27,33.4,20.7,32.1,39,25.2
Slovakia,2014,4,3,4,3,4,5,2,25,32.1,39.5,24.6,26.9,33.6,20.1,32.1,39.5,24.6
Czechia,2014,4,3,3,3,4,5,4,26,32.2,36.7,27.6,27.4,31.5,23.3,32.2,36.7,27.6
Cuba,2012,3,3,4,3,2,5,5,25,32.3,45.7,19,23.3,33.2,13.3,32.3,45.7,19
Samoa,2012,2,4,3,3,4,4,5,25,32.3,45.8,18.9,26,36.3,15.6,32.3,45.8,18.9
Slovakia,2018,4,3,5,5,4,5,2,28,32.3,38.6,26,27,32.8,21.2,32.3,38.6,26
Estonia,2014,4,2,4,3,4,5,2,24,32.4,40.1,24.7,29.3,36.9,21.7,32.4,40.1,24.7
Georgia,2007,3,2,3,3,2,1,1,13,32.4,59,5.7,29.4,53.5,5.3,32.4,59,5.7
Hungary,2014,4,4,4,4,4,5,3,28,32.4,36.9,27.9,30.1,34.1,26.1,32.4,36.9,27.9
Lithuania,2007,4,3,4,3,4,1,1,18,32.4,44.3,20.4,29.3,40.2,18.4,32.4,44.3,20.4
Austria,2014,4,2,4,3,4,4,2,23,32.5,34.4,30.5,30.1,32.3,27.9,32.5,34.4,30.5
Czechia,2012,4,3,4,3,4,5,3,26,32.5,37.2,27.8,27.7,32,23.4,32.5,37.2,27.8
Madagascar,2012,2,2,3,5,5,5,5,27,32.5,49.6,15.5,15.6,30,1.3,21.7,41.2,2.2
South Africa,2014,4,2,4,2,4,3,2,21,32.5,46.7,18.2,17.5,28.6,6.4,21.3,34.8,7.9
Belarus,2007,3,2,4,2,4,1,1,15,32.6,53.6,11.6,30.4,50,10.8,32.6,53.6,11.6
India,2012,3,4,4,2,4,3,5,25,32.6,47.8,17.5,6.7,12.5,0.8,12.8,23,2.6
Turkey,2007,4,2,3,3,2,1,1,14,32.6,49,16.2,30.4,45.6,15.3,32.6,49,16.2
Cook Islands,2010,4,4,4,4,4,3,2,25,32.7,37.6,27.9,26.3,30.2,22.4,32.7,37.6,27.9
Czechia,2010,4,3,4,3,4,5,4,27,32.9,37.8,27.9,28,32.5,23.6,32.9,37.8,27.9
Sweden,2014,4,2,4,3,4,4,2,23,32.9,31.8,33.9,14.4,12.2,16.6,19.5,19.4,19.6
Ukraine,2007,4,2,3,3,2,1,1,14,32.9,52.8,13,31.2,50,12.4,32.9,52.8,13
South Africa,2012,4,2,3,2,4,3,2,20,33.1,46.7,19.5,17.7,28.6,6.8,21.7,35.1,8.4
Spain,2007,4,4,4,3,4,1,1,19,33.3,38.2,28.4,31,35.9,26.1,33.3,38.2,28.4
Czechia,2007,4,3,3,3,4,1,1,17,33.4,38.6,28.2,28.4,33.1,23.7,33.4,38.6,28.2
Mongolia,2007,3,2,4,3,4,1,1,16,33.4,57.6,9.3,24.1,42.6,5.6,29.5,52.2,6.8
Hungary,2012,4,4,4,4,4,5,4,29,33.5,38,29,31.1,35.4,26.7,33.5,38,29
Samoa,2010,2,4,3,3,4,4,5,25,33.5,47.4,19.7,27.1,38,16.2,33.5,47.4,19.7
Estonia,2012,4,2,4,3,4,5,2,24,33.6,42.2,25,30.2,38.5,21.9,33.6,42.2,25
Tunisia,2007,4,2,3,2,4,1,1,15,33.6,62.6,4.5,22.8,43.9,1.8,28.6,53.9,3.4
Andorra,2018,1,3,4,2,2,5,2,19,33.8,38.1,29.5,27.7,30.6,24.8,33.8,38.1,29.5
Andorra,2016,2,3,4,2,2,4,2,19,33.9,38.4,29.4,27.9,31.1,24.8,33.9,38.4,29.4
South Africa,2010,3,2,3,2,4,3,2,19,33.9,46.9,20.9,18.1,29.1,7.1,22.1,35.2,8.9
Madagascar,2010,2,2,3,4,5,5,5,26,34,50.6,17.4,15.8,30.3,1.4,22.2,42,2.3
Andorra,2014,2,3,4,2,2,4,2,19,34.1,38.7,29.5,28,31.3,24.7,34.1,38.7,29.5
Argentina,2007,4,2,4,2,2,1,1,14,34.1,41.3,26.9,28.3,33.1,23.4,31.2,36.4,25.9
Poland,2007,4,2,4,3,4,1,1,17,34.1,39.2,29,31.8,36.5,27,34.1,39.2,29
Austria,2012,4,2,4,3,4,4,2,23,34.2,36.4,32,31.9,34.4,29.5,34.2,36.4,32
Hungary,2010,3,2,4,3,4,5,3,24,34.2,39,29.5,32.1,36.5,27.7,34.2,39,29.5
Nepal,2016,3,5,4,5,5,3,5,30,34.3,50.8,17.8,19.5,30.2,8.7,21.9,34.3,9.6
Cuba,2010,3,3,4,3,2,1,5,21,34.4,47.7,21,24.8,34.9,14.7,34.4,47.7,21
Romania,2007,4,2,4,3,4,1,1,17,34.4,44.8,24,30.8,39.8,21.8,34.4,44.8,24
Andorra,2012,2,3,4,2,2,4,2,19,34.5,39.3,29.6,28.3,31.8,24.7,34.5,39.3,29.6
France,2012,4,1,4,4,4,5,4,26,34.5,36.7,32.3,31.4,33.7,29.2,34.5,36.7,32.3
France,2010,4,1,4,4,4,5,3,25,34.5,37,32,31.4,33.8,28.9,34.5,37,32
France,2007,4,1,4,3,4,1,1,16,34.5,37.4,31.6,31.4,34.3,28.5,34.5,37.4,31.6
Cambodia,2007,3,2,3,2,2,1,1,12,34.6,56.1,13.1,23.3,42.3,4.4,24.7,44.7,4.7
France,2018,4,1,4,5,4,5,5,28,34.6,36,33.2,31.5,33,30,34.6,36,33.2
France,2016,4,1,4,5,4,5,1,24,34.6,36.4,32.9,31.5,33.2,29.7,34.6,36.4,32.9
France,2014,4,1,4,4,4,5,4,26,34.6,36.7,32.5,31.5,33.5,29.5,34.6,36.7,32.5
Andorra,2010,1,2,4,2,2,4,1,16,34.7,39.9,29.5,28.4,32,24.9,34.7,39.9,29.5
Estonia,2010,4,2,3,3,4,5,1,22,34.7,44.1,25.3,31.2,40.3,22.1,34.7,44.1,25.3
India,2010,3,4,3,2,4,3,5,24,34.8,49.8,19.7,6.8,12.7,1,13.2,23.3,3.2
South Africa,2007,3,2,3,2,4,1,1,14,35,47,23,18.5,29.2,7.8,22.7,35.7,9.7
Andorra,2007,2,2,4,2,2,1,1,12,35.1,40.5,29.7,28.9,33,24.9,35.1,40.5,29.7
Sweden,2012,4,2,4,3,4,4,2,23,35.1,33.8,36.4,15.5,13.1,17.9,20.9,20.8,21.1
Croatia,2007,4,2,3,2,4,1,1,15,35.3,40.2,30.4,31.8,36.5,27.1,35.3,40.2,30.4
Croatia,2010,4,3,4,3,4,4,2,24,35.6,39.6,31.6,32.2,35.9,28.4,35.6,39.6,31.6
Samoa,2007,3,2,3,2,2,1,1,12,35.6,50.4,20.8,28.7,40.2,17.3,35.6,50.4,20.8
Cook Islands,2007,4,2,4,3,4,1,1,17,35.7,40.6,30.8,28.6,32.7,24.4,35.7,40.6,30.8
Croatia,2012,4,3,4,3,4,4,3,25,35.8,39.2,32.5,32.2,35.4,29,35.8,39.2,32.5
Hungary,2007,4,2,3,3,4,1,1,16,35.9,40.8,31,33.5,38.3,28.7,35.9,40.8,31
Austria,2010,4,2,4,3,4,4,2,23,36.1,38.8,33.5,33.8,36.6,31,36.1,38.8,33.5
Croatia,2014,4,3,4,3,4,5,2,25,36.1,38.9,33.2,32.4,35,29.8,36.1,38.9,33.2
Croatia,2016,4,3,4,3,4,5,2,25,36.3,38.4,34.3,32.7,34.7,30.7,36.3,38.4,34.3
Estonia,2007,4,2,3,3,4,1,1,16,36.4,47.1,25.8,32.9,43.1,22.6,36.4,47.1,25.8
Madagascar,2007,1,2,3,2,5,1,1,13,36.5,52.3,20.7,16.4,31.3,1.6,22.7,42.8,2.7
Croatia,2018,4,4,4,5,4,5,2,28,36.6,37.9,35.3,33.1,34.5,31.6,36.6,37.9,35.3
Cyprus,2018,2,4,4,5,4,4,5,28,36.7,50.1,23.3,29.9,41.5,18.3,36.7,50.1,23.3
Latvia,2018,4,4,4,5,4,5,2,28,36.7,49.5,24,32.4,43.5,21.2,36.7,49.5,24
Nepal,2014,3,5,3,5,5,3,5,29,37,53.4,20.7,20.9,31.4,10.4,23.5,35.7,11.3
Cyprus,2016,2,4,4,3,4,5,4,26,37.1,51.3,22.9,30.4,42.8,18,37.1,51.3,22.9
Latvia,2016,4,4,4,5,4,5,4,30,37.1,50.1,24.1,32.8,44.3,21.4,37.1,50.1,24.1
Latvia,2014,4,3,4,4,4,5,2,26,37.5,51,24.1,33.3,45.1,21.4,37.5,51,24.1
Cyprus,2014,3,4,4,3,4,5,2,25,37.6,52.5,22.7,30.7,43.6,17.8,37.6,52.5,22.7
Sweden,2010,4,2,4,3,4,4,5,26,37.6,36,39.1,16.6,14,19.2,22.6,22.4,22.8
Cuba,2007,1,3,4,3,2,1,1,13,37.8,51.4,24.2,27.3,37.6,17,37.8,51.4,24.2
Lao People's Democratic Republic,2018,4,5,2,5,4,2,1,23,37.8,60.1,15.5,22.4,39.9,4.9,27.4,48.4,6.4
Indonesia,2018,4,3,4,4,2,4,5,26,37.9,70.5,5.3,31.1,60.2,1.9,31.1,60.2,1.9
Latvia,2012,4,3,4,4,4,5,2,26,37.9,51.6,24.2,33.7,45.9,21.6,37.9,51.6,24.2
Solomon Islands,2018,2,3,4,5,4,3,2,23,37.9,55.9,19.9,31.4,46.6,16.2,37.9,55.9,19.9
Indonesia,2016,4,3,4,4,2,4,5,26,38.1,70.3,6,30.9,59.7,2.1,30.9,59.7,2.1
Solomon Islands,2016,2,3,4,5,4,3,1,22,38.1,55.9,20.4,31.7,46.8,16.6,38.1,55.9,20.4
Timor-Leste,2018,3,4,4,5,4,2,5,27,38.2,65.8,10.7,33.8,62.8,4.8,38.2,65.8,10.7
Bosnia and Herzegovina,2018,2,2,4,2,4,5,2,21,38.3,46.3,30.2,30.9,37.2,24.7,38.3,46.3,30.2
Cyprus,2012,3,4,4,3,4,5,3,26,38.3,54,22.6,31.3,44.9,17.6,38.3,54,22.6
Indonesia,2014,3,3,3,4,2,4,2,21,38.3,69.7,6.8,30.8,59.3,2.4,30.8,59.3,2.4
Latvia,2010,4,3,4,4,4,5,2,26,38.4,52.6,24.2,33.9,46.3,21.6,38.4,52.6,24.2
India,2007,2,3,3,2,4,1,1,14,38.5,53.2,23.7,7.2,13,1.4,14.1,23.8,4.3
Indonesia,2012,3,3,3,3,2,4,2,20,38.5,69.3,7.8,30.8,58.8,2.8,30.8,58.8,2.8
Solomon Islands,2014,2,3,4,5,4,3,4,25,38.6,56.1,21.1,32.2,47.2,17.1,38.6,56.1,21.1
Cyprus,2010,3,4,4,3,4,4,1,23,38.8,55.2,22.4,31.6,45.8,17.5,38.8,55.2,22.4
Indonesia,2010,3,3,3,2,2,4,2,19,38.8,68.7,8.9,30.8,58.5,3.1,30.8,58.5,3.1
Bulgaria,2018,4,5,4,5,4,5,2,29,38.9,42.5,35.3,35.8,39.5,32.1,38.9,42.5,35.3
Latvia,2007,4,2,3,3,4,1,1,16,39,53.7,24.3,34.6,47.6,21.6,39,53.7,24.3
Bangladesh,2018,4,3,3,5,4,4,4,27,39.1,60.6,17.7,17.7,34.8,0.6,20.9,40.8,1
Bosnia and Herzegovina,2016,2,2,4,2,4,5,1,20,39.1,47.5,30.7,31.5,38,25,39.1,47.5,30.7
Greece,2018,4,5,4,5,4,5,2,29,39.1,45.3,32.8,35.6,41.8,29.5,39.1,45.3,32.8
Solomon Islands,2012,2,3,3,3,4,3,2,20,39.1,56.5,21.7,32.6,47.5,17.7,39.1,56.5,21.7
Indonesia,2007,3,3,3,2,2,1,1,13,39.3,67.9,10.8,30.7,57.6,3.8,30.7,57.6,3.8
Austria,2007,4,2,4,3,4,1,1,17,39.4,42.6,36.3,36.7,40.1,33.3,39.4,42.6,36.3
Solomon Islands,2010,3,3,3,3,4,1,1,18,39.5,56.7,22.4,32.8,47.4,18.2,39.5,56.7,22.4
Bosnia and Herzegovina,2014,2,2,4,2,4,5,2,21,39.7,48.3,31.1,32.3,39.1,25.5,39.7,48.3,31.1
Lao People's Democratic Republic,2016,4,5,2,5,4,2,1,23,39.9,62.7,17.1,23.5,41.5,5.5,28.7,50.3,7.2
Timor-Leste,2016,3,4,2,4,4,3,4,24,39.9,68.7,11.1,34.8,64.7,5,39.9,68.7,11.1
Cyprus,2007,2,2,4,3,4,1,1,15,40,58,22.1,32.5,47.7,17.2,40,58,22.1
Nepal,2012,4,5,3,5,4,3,4,28,40,56.1,23.9,22.5,32.7,12.3,25.3,37.1,13.4
Bangladesh,2016,4,3,3,5,4,4,5,28,40.1,60.8,19.3,18.5,36.2,0.7,21.7,42.1,1.2
Bulgaria,2016,4,5,4,5,4,5,2,29,40.1,44.5,35.6,36.7,41,32.5,40.1,44.5,35.6
Greece,2016,4,5,4,5,4,5,2,29,40.2,46.5,33.8,36.5,42.8,30.2,40.2,46.5,33.8
Solomon Islands,2007,2,2,3,2,2,1,1,11,40.4,57.2,23.5,33.6,48.2,19.1,40.4,57.2,23.5
Bosnia and Herzegovina,2012,2,2,4,2,4,4,2,20,40.6,49.5,31.6,32.9,39.9,25.9,40.6,49.5,31.6
Serbia,2018,4,3,4,3,4,5,2,25,40.6,40,41.2,36.2,35.1,37.3,40.6,40,41.2
Bangladesh,2014,4,2,3,4,4,4,5,26,41.1,61.3,21,19.1,37.3,0.9,22.6,43.6,1.5
Bulgaria,2014,4,5,4,3,4,5,4,29,41.1,46.2,36,37.6,42.6,32.6,41.1,46.2,36
Greece,2014,4,5,4,3,4,5,1,26,41.2,47.8,34.5,37.4,44,30.9,41.2,47.8,34.5
Serbia,2016,4,3,4,3,4,5,2,25,41.2,41.1,41.3,36.5,36,37.1,41.2,41.1,41.3
Bosnia and Herzegovina,2010,2,2,3,2,4,4,2,19,41.4,50.7,32.1,33.6,40.9,26.3,41.4,50.7,32.1
Serbia,2014,4,3,4,3,4,5,2,25,41.7,42.4,41,37,37.1,37,41.7,42.4,41
Sweden,2007,4,2,4,3,4,1,1,17,41.7,39.6,43.8,18.6,15.6,21.7,25.1,24.7,25.6
Timor-Leste,2014,3,2,2,2,2,3,2,16,41.8,71.8,11.8,36.3,67.3,5.3,41.8,71.8,11.8
Bulgaria,2012,4,5,4,3,4,5,4,29,42,47.7,36.2,38.4,43.9,33,42,47.7,36.2
Greece,2012,4,5,4,3,4,5,1,26,42.1,48.9,35.4,38.3,45.1,31.6,42.1,48.9,35.4
Lao People's Democratic Republic,2014,3,3,2,3,4,2,4,21,42.2,65.6,18.9,24.8,43.3,6.2,30.2,52.4,8.1
Serbia,2012,4,3,4,3,4,5,4,27,42.2,43.8,40.7,37.5,38.3,36.7,42.2,43.8,40.7
Bangladesh,2012,3,2,3,3,4,4,5,24,42.3,61.9,22.7,19.9,38.7,1.1,23.4,45,1.8
Lebanon,2018,4,5,4,3,4,3,3,26,42.6,49.4,35.9,25.9,33.4,18.3,34,40.4,27.5
Lebanon,2016,4,5,4,3,4,3,2,25,42.6,49.1,36.1,26.5,33.8,19.1,34,40.4,27.7
Lebanon,2014,4,5,4,3,4,3,5,28,42.7,49.3,36.1,27,34.1,19.9,34,40.4,27.7
Serbia,2010,4,3,4,3,4,5,4,27,42.7,45.1,40.4,38,39.5,36.6,42.7,45.1,40.4
Bosnia and Herzegovina,2007,4,2,3,2,4,1,1,15,42.8,52.7,32.9,34.7,42.3,27.1,42.8,52.7,32.9
Lebanon,2012,3,5,4,3,4,3,4,26,42.9,49.4,36.4,27.7,34.7,20.8,34.1,40.2,28
Lebanon,2010,3,3,4,2,2,3,5,22,42.9,49.3,36.5,28.3,35,21.6,34.1,40.3,27.9
Bulgaria,2010,4,2,4,3,4,5,2,24,43.1,49.4,36.8,39.6,45.7,33.5,43.1,49.4,36.8
Lebanon,2007,3,3,4,2,2,1,1,14,43.3,49.5,37,29.6,36,23.3,34.4,40.6,28.3
Greece,2010,4,5,3,3,4,5,5,29,43.4,50.5,36.4,39.4,46.3,32.6,43.4,50.5,36.4
Nepal,2010,3,3,4,2,4,3,4,23,43.4,58.9,27.9,24.2,33.9,14.5,27.3,38.6,15.9
Bangladesh,2010,3,2,3,3,4,3,2,20,43.5,62.4,24.7,20.7,40.1,1.3,24.5,46.8,2.2
Serbia,2007,3,3,3,3,4,1,1,16,43.6,46.9,40.2,38.8,41.2,36.3,43.6,46.9,40.2
Timor-Leste,2012,2,2,2,2,2,3,2,15,43.7,74.9,12.5,37.6,69.7,5.5,43.7,74.9,12.5
Lao People's Democratic Republic,2012,3,3,3,3,4,2,2,20,44.4,68,20.8,26.1,45.2,7.1,31.9,54.7,9.2
Chile,2018,4,5,3,5,4,5,4,30,44.7,49.2,40.3,34.5,38.8,30.1,44.7,49.2,40.3
Bulgaria,2007,4,2,4,3,4,1,1,17,44.8,52.3,37.4,41.3,48.4,34.1,44.8,52.3,37.4
Greece,2007,4,2,3,3,4,1,1,16,45.3,52.8,37.9,41.1,48.4,33.8,45.3,52.8,37.9
Bangladesh,2007,3,2,3,3,4,1,1,15,45.5,63,28,22,42.3,1.8,26.1,49.3,3
Chile,2016,4,5,3,5,4,5,2,28,45.5,49.8,41.1,35,39.3,30.7,45.5,49.8,41.1
Myanmar,2018,4,3,4,4,4,3,5,27,45.5,70.2,20.8,16,29.8,2.3,20.4,36.4,4.4
Timor-Leste,2010,2,2,2,2,2,1,1,12,45.6,78,13.1,39,72.1,5.8,45.6,78,13.1
Chile,2014,4,5,3,5,4,5,1,27,46.2,50.5,42,35.7,40,31.3,46.2,50.5,42
Myanmar,2016,4,3,4,4,4,3,2,24,46.8,71.2,22.4,17,31.4,2.7,21.8,38.4,5.2
Lao People's Democratic Republic,2010,1,3,3,3,4,2,2,18,47,71,23.1,27.5,47.1,8,33.8,57.2,10.4
Chile,2012,4,3,3,5,4,5,4,28,47.2,51.4,43,36.4,40.6,32.2,47.2,51.4,43
Chile,2010,4,3,3,5,4,5,2,26,48.3,52.5,44.1,37.1,41.2,32.9,48.3,52.5,44.1
Timor-Leste,2007,2,2,2,2,2,1,1,10,48.5,82.6,14.3,41.2,76,6.4,48.5,82.6,14.3
Tuvalu,2018,3,3,3,3,5,3,2,22,48.7,66,31.4,30.6,43.5,17.6,37.4,52.5,22.3
Myanmar,2014,4,3,4,2,4,4,2,23,48.8,73.1,24.4,18.1,33,3.2,23.2,40.1,6.2
Nepal,2007,3,2,2,2,2,1,1,11,49,63.4,34.7,27.4,36,18.8,30.8,40.9,20.7
Chile,2007,4,3,3,5,4,1,1,19,49.6,53.5,45.6,38.3,42.6,34,49.6,53.5,45.6
Tuvalu,2016,3,3,4,3,5,4,2,24,50,67.8,32.1,31.4,44.8,18,38.4,54,22.9
Myanmar,2012,3,3,3,2,4,4,3,22,50.5,74.5,26.4,19.3,34.8,3.8,24.9,42.3,7.4
Lao People's Democratic Republic,2007,3,3,3,3,4,1,1,16,51.1,75.3,26.8,29.9,50.2,9.7,36.6,60.8,12.5
Tuvalu,2014,2,3,4,3,5,2,2,21,51.4,70.1,32.8,32.2,45.9,18.5,39.4,55.5,23.4
Kiribati,2018,2,3,4,3,5,3,2,22,52,68.6,35.5,41.7,54.1,29.3,52,68.6,35.5
Nauru,2018,2,5,3,3,4,3,1,21,52.1,51.7,52.6,37.6,37.9,37.4,46,46,46.1
Myanmar,2010,3,3,3,2,4,3,3,21,52.5,76.1,29,20.5,36.6,4.5,26.7,44.7,8.8
Tuvalu,2012,1,3,4,3,5,2,4,22,52.9,72.2,33.6,33.1,47.3,19,40.8,57.3,24.2
Kiribati,2016,2,3,4,3,5,3,5,25,53.5,69.6,37.4,43,55.2,30.8,53.5,69.6,37.4
Nauru,2016,2,5,3,3,4,4,2,23,53.9,53,54.8,38.7,38.6,38.7,47.4,47.1,47.6
Tuvalu,2010,2,3,4,3,5,2,2,21,54.4,74.4,34.4,34,48.6,19.4,41.7,58.7,24.8
Kiribati,2014,2,3,3,3,5,3,4,23,55.2,71.2,39.2,44.2,56.4,32.1,55.2,71.2,39.2
Myanmar,2007,3,3,3,2,4,1,1,15,55.4,77.9,32.8,22.8,39.7,5.9,29.9,48.4,11.3
Nauru,2014,2,5,3,3,4,1,2,20,55.7,54.6,56.8,39.5,39,40,48.4,47.7,49.2
Kiribati,2012,2,2,2,2,2,4,2,16,56.7,72.8,40.7,45.5,57.5,33.4,56.7,72.8,40.7
Tuvalu,2007,3,2,4,2,2,1,1,13,56.7,77.4,35.9,35.4,50.6,20.2,43.6,61.3,25.9
Nauru,2012,2,5,3,3,4,1,2,20,57.5,56.1,59,40.6,39.8,41.4,49.9,48.6,51.1
Kiribati,2010,3,2,3,2,2,4,2,18,58.1,73.7,42.5,46.9,58.8,35,58.1,73.7,42.5
Nauru,2010,1,5,3,3,4,3,1,20,59.5,57.5,61.6,41.7,40.6,42.9,51.1,49.5,52.8
Kiribati,2007,2,2,3,2,2,1,1,11,61.2,76.6,45.7,49.3,61,37.6,61.2,76.6,45.7
Nauru,2007,2,2,3,2,2,1,1,11,62.8,60.2,65.4,43.4,41.5,45.2,53.3,50.8,55.8
